dteday,hr,temp_c,feels_like_c,hum,windspeed,weathersit,season,holiday,workingday
11/1/2023,0.0,6,3.8,0.6359,10.8,1,4,0,1
11/1/2023,1.0,6,3.4,0.6333,12.7,1,4,0,1
11/1/2023,2.0,5.3,2.6,0.6598,12,1,4,0,1
11/1/2023,3.0,5.1,3.8,0.6636,6.3,1,4,0,1
11/1/2023,4.0,4,1.8,0.7192000000000001,8.4,1,4,0,1
11/1/2023,5.0,4.5,1.3,0.6689,14.2,1,4,0,1
11/1/2023,6.0,6.5,3.1,0.5875,18.4,2,4,0,1
11/1/2023,7.0,6.5,2.5,0.5971,25.1,2,4,0,1
11/1/2023,8.0,6,1.8,0.5728,24.8,1,4,0,1
11/1/2023,9.0,5.5,1.4,0.4891,22.7,1,4,0,1
11/1/2023,10.0,5.5,0.7,0.4633,29.5,1,4,0,1
11/1/2023,11.0,6.9,2.9,0.4364,26.2,1,4,0,1
11/1/2023,12.0,7.7,3.5,0.3826,31.8,1,4,0,1
11/1/2023,13.0,9.1,5.5,0.379,29,1,4,0,1
11/1/2023,14.0,9.8,6.5,0.3759,27.1,1,4,0,1
11/1/2023,15.0,9.8,6.2,0.36460000000000004,32.2,1,4,0,1
11/1/2023,16.0,9.8,6.1,0.3795,33.4,1,4,0,1
11/1/2023,17.0,8.7,4.8,0.39280000000000004,31.5,1,4,0,1
11/1/2023,18.0,7.7,3.3,0.4023,34.7,1,4,0,1
11/1/2023,19.0,6.9,4.1,0.4482,14.9,1,4,0,1
11/1/2023,20.0,6.4,3.3,0.44170000000000004,15.8,1,4,0,1
11/1/2023,21.0,5.9,3.6,0.4693,11,1,4,0,1
11/1/2023,22.0,5.4,2.8,0.4548,11.5,1,4,0,1
11/1/2023,23.0,4.6,2.3,0.5038,9.4,1,4,0,1
11/2/2023,0.0,4.6,1.4,0.5032,14.1,1,4,0,1
11/2/2023,1.0,4.1,0.2,0.5417000000000001,17.5,1,4,0,1
11/2/2023,2.0,4,0.2,0.5629,17,1,4,0,1
11/2/2023,3.0,2.6,-0.9,0.6219,13.4,1,4,0,1
11/2/2023,4.0,2.9,-0.7,0.612,14.9,1,4,0,1
11/2/2023,5.0,2.4,-0.5,0.6329,10.2,1,4,0,1
11/2/2023,6.0,1.8,-0.2,0.6616,6.7,1,4,0,1
11/2/2023,7.0,0.6,-2.7,0.6981,10.8,1,4,0,1
11/2/2023,8.0,2,2,0.6058,0,1,4,0,1
11/2/2023,9.0,4.4,2.8,0.5405,6.7,1,4,0,1
11/2/2023,10.0,6.5,4.6,0.45740000000000003,9.4,1,4,0,1
11/2/2023,11.0,8.3,6.4,0.4322,10.9,1,4,0,1
11/2/2023,12.0,9.3,7.2,0.3538,14.2,1,4,0,1
11/2/2023,13.0,9.9,8.6,0.3225,10.1,1,4,0,1
11/2/2023,14.0,10.1,10.1,0.2999,9.8,1,4,0,1
11/2/2023,15.0,11.1,11.1,0.2926,11,1,4,0,1
11/2/2023,16.0,11,11,0.3011,11.7,1,4,0,1
11/2/2023,17.0,10.5,10.5,0.2999,12.2,1,4,0,1
11/2/2023,18.0,8.8,7.3,0.3398,9.7,1,4,0,1
11/2/2023,19.0,8.1,6.9,0.3688,7.8,1,4,0,1
11/2/2023,20.0,7.4,5.3,0.4489,11.2,1,4,0,1
11/2/2023,21.0,6.8,4.8,0.5242,9.7,1,4,0,1
11/2/2023,22.0,6.3,3.4,0.5189,14.9,1,4,0,1
11/2/2023,23.0,6.7,3.5,0.6289,18,1,4,0,1
11/3/2023,0.0,5.2,2.3,0.7020000000000001,13.2,1,4,0,1
11/3/2023,1.0,4.8,1.5,0.728,14.7,1,4,0,1
11/3/2023,2.0,5.2,2,0.7333,14.6,1,4,0,1
11/3/2023,3.0,5.2,2.3,0.7356,12.9,1,4,0,1
11/3/2023,4.0,4.7,1.7,0.7831999999999999,13.1,1,4,0,1
11/3/2023,5.0,3.6,1,0.8165,9.9,1,4,0,1
11/3/2023,6.0,2.7,0,0.8442000000000001,9.7,1,4,0,1
11/3/2023,7.0,3,1.8,0.8425,5.1,1,4,0,1
11/3/2023,8.0,3,1.1,0.8193,6.9,1,4,0,1
11/3/2023,9.0,5,3.5,0.8064,6.9,1,4,0,1
11/3/2023,10.0,7.2,4.9,0.6977,12.5,1,4,0,1
11/3/2023,11.0,9.5,7.4,0.5718,14.1,1,4,0,1
11/3/2023,12.0,12.2,12.2,0.4229,19.7,1,4,0,1
11/3/2023,13.0,13.7,13.7,0.3538,19.1,1,4,0,1
11/3/2023,14.0,14.9,14.9,0.32689999999999997,17.1,1,4,0,1
11/3/2023,15.0,15.5,15.5,0.3054,14.5,1,4,0,1
11/3/2023,16.0,15.5,15.5,0.33740000000000003,13.8,1,4,0,1
11/3/2023,17.0,14.8,14.8,0.3837,14.5,1,4,0,1
11/3/2023,18.0,13.1,13.1,0.3628,13.7,1,4,0,1
11/3/2023,19.0,11.5,11.5,0.46990000000000004,12.5,1,4,0,1
11/3/2023,20.0,10.8,10.8,0.49060000000000004,8.6,1,4,0,1
11/3/2023,21.0,9.2,7.6,0.5861,10.2,1,4,0,1
11/3/2023,22.0,9.1,7.5,0.6396999999999999,10.1,1,4,0,1
11/3/2023,23.0,8.1,6.6,0.6842,8.7,1,4,0,1
11/4/2023,0.0,7.7,5.6,0.7292000000000001,11.4,1,4,0,0
11/4/2023,1.0,7.5,5.6,0.7347,10.4,1,4,0,0
11/4/2023,2.0,7.5,5.1,0.7583,13.4,1,4,0,0
11/4/2023,3.0,6.4,6.4,0.7913,4.5,1,4,0,0
11/4/2023,4.0,6.3,5.5,0.7957,5.1,1,4,0,0
11/4/2023,5.0,5.3,4.4,0.847,4.9,1,4,0,0
11/4/2023,6.0,5.6,5.6,0.8422,0,1,4,0,0
11/4/2023,7.0,5,5,0.8475,0,1,4,0,0
11/4/2023,8.0,4.2,4.2,0.8797,4.5,1,4,0,0
11/4/2023,9.0,7,7,0.7695000000000001,4.5,1,4,0,0
11/4/2023,10.0,10.5,10.5,0.5211,0,1,4,0,0
11/4/2023,11.0,12,12,0.48969999999999997,4.5,1,4,0,0
11/4/2023,12.0,14.7,14.7,0.455,0,1,4,0,0
11/4/2023,13.0,17.4,17.4,0.37200000000000005,7.4,1,4,0,0
11/4/2023,14.0,19.4,19.4,0.2731,8.7,1,4,0,0
11/4/2023,15.0,20.5,20.5,0.1868,0.8,1,4,0,0
11/4/2023,16.0,20.5,20.5,0.22329999999999997,7.6,1,4,0,0
11/4/2023,17.0,18.7,18.7,0.2581,11.6,1,4,0,0
11/4/2023,18.0,16.6,16.6,0.4426,9.7,1,4,0,0
11/4/2023,19.0,15.7,15.7,0.4789,8.4,1,4,0,0
11/4/2023,20.0,14.8,14.8,0.5262,6.3,1,4,0,0
11/4/2023,21.0,14.3,14.3,0.5486,0,1,4,0,0
11/4/2023,22.0,12.5,12.5,0.7403,0,1,4,0,0
11/4/2023,23.0,10.9,10.9,0.7770999999999999,6.3,1,4,0,0
11/5/2023,0.0,10.1,10.1,0.6881,0,1,4,0,0
11/5/2023,1.0,8.4,8.4,0.7153,0,1,4,0,0
11/5/2023,1.0,8.4,8.4,0.7153,0,1,4,0,0
11/5/2023,2.0,7.7,7.7,0.7741,0,1,4,0,0
11/5/2023,3.0,8,8,0.7345,0,1,4,0,0
11/5/2023,4.0,7.1,7.1,0.7839,0,1,4,0,0
11/5/2023,5.0,7.1,7.1,0.7853,0,1,4,0,0
11/5/2023,6.0,7,7,0.8078,0,1,4,0,0
11/5/2023,7.0,6.1,6.1,0.8414,0,1,4,0,0
11/5/2023,8.0,8.1,8.1,0.7867000000000001,0,1,4,0,0
11/5/2023,9.0,11.2,11.2,0.7206,4.5,1,4,0,0
11/5/2023,10.0,14.5,14.5,0.5838,8.9,1,4,0,0
11/5/2023,11.0,18.3,18.3,0.4585,6.8,1,4,0,0
11/5/2023,12.0,20.7,20.7,0.3554,2.7,1,4,0,0
11/5/2023,13.0,22,22,0.3293,16.9,1,4,0,0
11/5/2023,14.0,22,22,0.31579999999999997,13.6,1,4,0,0
11/5/2023,15.0,22,22,0.3139,16.4,1,4,0,0
11/5/2023,16.0,21,21,0.3337,19.7,1,4,0,0
11/5/2023,17.0,19.2,19.2,0.3611,12.7,1,4,0,0
11/5/2023,18.0,16.3,16.3,0.43310000000000004,11.6,1,4,0,0
11/5/2023,19.0,15.6,15.6,0.45530000000000004,13.2,1,4,0,0
11/5/2023,20.0,15,15,0.4757,14.2,1,4,0,0
11/5/2023,21.0,14,14,0.505,13.1,1,4,0,0
11/5/2023,22.0,11.2,11.2,0.6466,9.7,1,4,0,0
11/5/2023,23.0,12.1,12.1,0.5716,10.1,1,4,0,0
11/6/2023,0.0,11.3,11.3,0.6654000000000001,0.8,1,4,0,1
11/6/2023,1.0,10.5,10.5,0.655,5.3,1,4,0,1
11/6/2023,2.0,10.1,10.1,0.695,8.2,1,4,0,1
11/6/2023,3.0,10.2,10.2,0.6494,8.6,1,4,0,1
11/6/2023,4.0,10.1,10.1,0.6727,11.7,2,4,0,1
11/6/2023,5.0,9,6.9,0.6812,13.2,1,4,0,1
11/6/2023,6.0,8.2,5.9,0.6631999999999999,13.5,1,4,0,1
11/6/2023,7.0,8.2,6.5,0.6631,9.9,1,4,0,1
11/6/2023,8.0,9.5,8.1,0.6591,9.9,1,4,0,1
11/6/2023,9.0,11,11,0.5909,10.2,1,4,0,1
11/6/2023,10.0,12.7,12.7,0.532,6.7,1,4,0,1
11/6/2023,11.0,14.3,14.3,0.4888,0,1,4,0,1
11/6/2023,12.0,16.2,16.2,0.4757,0,1,4,0,1
11/6/2023,13.0,17.2,17.2,0.48200000000000004,0,1,4,0,1
11/6/2023,14.0,17.9,17.9,0.4804,5.4,1,4,0,1
11/6/2023,15.0,18.4,18.4,0.4642,6.3,1,4,0,1
11/6/2023,16.0,18.1,18.1,0.49579999999999996,12.5,1,4,0,1
11/6/2023,17.0,16.4,16.4,0.6037,11.9,1,4,0,1
11/6/2023,18.0,15.1,15.1,0.6740999999999999,7.1,1,4,0,1
11/6/2023,19.0,13.7,13.7,0.7178,8.2,1,4,0,1
11/6/2023,20.0,13.7,13.7,0.7739,8.7,1,4,0,1
11/6/2023,21.0,13.8,13.8,0.8026000000000001,12.2,1,4,0,1
11/6/2023,22.0,13.3,13.3,0.8316,11.9,1,4,0,1
11/6/2023,23.0,13.2,13.2,0.8601000000000001,10.4,1,4,0,1
11/7/2023,0.0,12.8,12.8,0.86,10.4,1,4,0,1
11/7/2023,1.0,12.9,12.9,0.8534,12,1,4,0,1
11/7/2023,2.0,12.9,12.9,0.8114,15.5,1,4,0,1
11/7/2023,3.0,13.4,13.4,0.7587,11,1,4,0,1
11/7/2023,4.0,13.4,13.4,0.7343000000000001,12,1,4,0,1
11/7/2023,5.0,13.4,13.4,0.7120000000000001,12.2,1,4,0,1
11/7/2023,6.0,13.4,13.4,0.7112,13.7,1,4,0,1
11/7/2023,7.0,13.9,13.9,0.6908,11.7,2,4,0,1
11/7/2023,8.0,14.2,14.2,0.6833,10.4,1,4,0,1
11/7/2023,9.0,15.6,15.6,0.6335999999999999,8,2,4,0,1
11/7/2023,10.0,16.8,16.8,0.6065999999999999,10.8,1,4,0,1
11/7/2023,11.0,18.9,18.9,0.519,7.6,1,4,0,1
11/7/2023,12.0,20.1,20.1,0.4997,10.4,2,4,0,1
11/7/2023,13.0,21.7,21.7,0.45130000000000003,9.5,1,4,0,1
11/7/2023,14.0,22,22,0.496,10.1,1,4,0,1
11/7/2023,15.0,22.4,22.4,0.47229999999999994,8.9,1,4,0,1
11/7/2023,16.0,22.5,22.5,0.4986,11,1,4,0,1
11/7/2023,17.0,21.1,21.1,0.5287,10.1,1,4,0,1
11/7/2023,18.0,22.2,22.2,0.4794,11.7,1,4,0,1
11/7/2023,19.0,22,22,0.3611,19.2,1,4,0,1
11/7/2023,20.0,21.3,21.3,0.3251,16.7,1,4,0,1
11/7/2023,21.0,18.2,18.2,0.34600000000000003,14.2,1,4,0,1
11/7/2023,22.0,16.1,16.1,0.3926,13.7,1,4,0,1
11/7/2023,23.0,16.4,16.4,0.3898,12.2,1,4,0,1
11/8/2023,0.0,13.5,13.5,0.6271,8.6,1,4,0,1
11/8/2023,1.0,13.2,13.2,0.5619,12.7,1,4,0,1
11/8/2023,2.0,12.2,12.2,0.7161,10.7,1,4,0,1
11/8/2023,3.0,11.7,11.7,0.6563,15,1,4,0,1
11/8/2023,4.0,11.4,11.4,0.6701,13.2,1,4,0,1
11/8/2023,5.0,11.2,11.2,0.6579,11.9,1,4,0,1
11/8/2023,6.0,10.4,10.4,0.6613,15,1,4,0,1
11/8/2023,7.0,9.1,7,0.7173,13.8,1,4,0,1
11/8/2023,8.0,11.5,11.5,0.6196,17.4,1,4,0,1
11/8/2023,9.0,13.1,13.1,0.5343,20,1,4,0,1
11/8/2023,10.0,14.2,14.2,0.4959,10.7,1,4,0,1
11/8/2023,11.0,15,15,0.4561,5.3,1,4,0,1
11/8/2023,12.0,15.6,15.6,0.4347,8.4,1,4,0,1
11/8/2023,13.0,16.8,16.8,0.40149999999999997,4.5,1,4,0,1
11/8/2023,14.0,17.2,17.2,0.35719999999999996,0.6,1,4,0,1
11/8/2023,15.0,18.6,18.6,0.3236,5.1,1,4,0,1
11/8/2023,16.0,17.6,17.6,0.37479999999999997,1.4,1,4,0,1
11/8/2023,17.0,15.3,15.3,0.5166,18,1,4,0,1
11/8/2023,18.0,13.2,13.2,0.5644,14.7,1,4,0,1
11/8/2023,19.0,11.9,11.9,0.5782,9,1,4,0,1
11/8/2023,20.0,11.7,11.7,0.5508,5.1,1,4,0,1
11/8/2023,21.0,11.1,11.1,0.589,5.1,1,4,0,1
11/8/2023,22.0,11,11,0.6149,1.1,1,4,0,1
11/8/2023,23.0,11.1,11.1,0.7045,8.7,1,4,0,1
11/9/2023,0.0,10.5,10.5,0.7801,6.9,1,4,0,1
11/9/2023,1.0,10.5,10.5,0.8181999999999999,4.9,1,4,0,1
11/9/2023,2.0,9.5,8.1,0.8247,9.3,1,4,0,1
11/9/2023,3.0,10.8,10.8,0.8586,13.2,2,4,0,1
11/9/2023,4.0,12,12,0.8751000000000001,16.2,1,4,0,1
11/9/2023,5.0,12.6,12.6,0.8464,17.6,1,4,0,1
11/9/2023,6.0,11.8,11.8,0.8837,13.4,1,4,0,1
11/9/2023,7.0,11.7,11.7,0.8532,11.6,1,4,0,1
11/9/2023,8.0,12.1,12.1,0.8440000000000001,8.7,1,4,0,1
11/9/2023,9.0,13.9,13.9,0.7777,12.7,1,4,0,1
11/9/2023,10.0,16.2,16.2,0.698,10.8,1,4,0,1
11/9/2023,11.0,18,18,0.6396000000000001,12.8,1,4,0,1
11/9/2023,12.0,19.5,19.5,0.5861999999999999,14.8,1,4,0,1
11/9/2023,13.0,20.9,20.9,0.5385,14.3,1,4,0,1
11/9/2023,14.0,23,23,0.5075,12.2,1,4,0,1
11/9/2023,15.0,22.8,22.8,0.5015999999999999,10.5,1,4,0,1
11/9/2023,16.0,23.1,23.1,0.526,15,1,4,0,1
11/9/2023,17.0,19.3,19.3,0.7741,14.5,3,4,0,1
11/9/2023,18.0,17.7,17.7,0.857,5.1,3,4,0,1
11/9/2023,19.0,18.1,18.1,0.7742,10.5,1,4,0,1
11/9/2023,20.0,17.2,17.2,0.7452,11.3,1,4,0,1
11/9/2023,21.0,16.2,16.2,0.5897,14.2,1,4,0,1
11/9/2023,22.0,16,16,0.5254,19.3,1,4,0,1
11/9/2023,23.0,15.5,15.5,0.48350000000000004,20.6,1,4,0,1
11/10/2023,0.0,14.3,14.3,0.4953,17.8,2,4,1,0
11/10/2023,1.0,13.8,13.8,0.4781,19.5,2,4,1,0
11/10/2023,2.0,13.7,13.7,0.4499,14.9,2,4,1,0
11/10/2023,3.0,12.1,12.1,0.5737,11.8,2,4,1,0
11/10/2023,4.0,12.1,12.1,0.5516,5.4,2,4,1,0
11/10/2023,5.0,12.1,12.1,0.5825,6.5,2,4,1,0
11/10/2023,6.0,12.4,12.4,0.5648,4.7,2,4,1,0
11/10/2023,7.0,11.8,11.8,0.6361,7.8,2,4,1,0
11/10/2023,8.0,11.4,11.4,0.6920000000000001,6.3,3,4,1,0
11/10/2023,9.0,11,11,0.7284,14.2,3,4,1,0
11/10/2023,10.0,9.8,7.5,0.8120999999999999,16.8,3,4,1,0
11/10/2023,11.0,9.1,7.3,0.8225,12,3,4,1,0
11/10/2023,12.0,8.7,6.1,0.8375,17.4,2,4,1,0
11/10/2023,13.0,8.2,5.5,0.8676999999999999,16.4,2,4,1,0
11/10/2023,14.0,7.4,6.8,0.8531,4.9,3,4,1,0
11/10/2023,15.0,7.7,6.2,0.8706999999999999,8.8,3,4,1,0
11/10/2023,16.0,8.1,6.7,0.8748999999999999,8.4,2,4,1,0
11/10/2023,17.0,8.2,6.3,0.8517,10.5,1,4,1,0
11/10/2023,18.0,7.7,5.8,0.8773000000000001,10.5,1,4,1,0
11/10/2023,19.0,7,6.2,0.8465,5.4,1,4,1,0
11/10/2023,20.0,6.4,5.1,0.8675,7,1,4,1,0
11/10/2023,21.0,6.2,5.4,0.8729,5.1,1,4,1,0
11/10/2023,22.0,5.7,3.8,0.8969,8.8,1,4,1,0
11/10/2023,23.0,5.6,4.7,0.8694,5.4,1,4,1,0
11/11/2023,0.0,5.5,5.5,0.9007,0.7,1,4,0,0
11/11/2023,1.0,5.5,5.5,0.9007,0.8,1,4,0,0
11/11/2023,2.0,4.9,3.6,0.9256,6.3,1,4,0,0
11/11/2023,3.0,4.4,4.4,0.9343,0,1,4,0,0
11/11/2023,4.0,4.3,4.3,0.9072,4.5,1,4,0,0
11/11/2023,5.0,3.9,2.8,0.9415,5.1,1,4,0,0
11/11/2023,6.0,3.8,2,0.9422,6.9,1,4,0,0
11/11/2023,7.0,3.3,1.5,0.9057,6.9,1,4,0,0
11/11/2023,8.0,5,3.7,0.8737999999999999,6.3,1,4,0,0
11/11/2023,9.0,6.8,6.8,0.8237000000000001,0,1,4,0,0
11/11/2023,10.0,8.3,6.4,0.7602,11.2,1,4,0,0
11/11/2023,11.0,11.7,11.7,0.6631999999999999,16.3,1,4,0,0
11/11/2023,12.0,13.3,13.3,0.5943999999999999,12.8,1,4,0,0
11/11/2023,13.0,14.9,14.9,0.46,7.2,1,4,0,0
11/11/2023,14.0,14.3,14.3,0.45990000000000003,7.5,1,4,0,0
11/11/2023,15.0,15.5,15.5,0.3909,7.6,1,4,0,0
11/11/2023,16.0,14.8,14.8,0.3944,9,1,4,0,0
11/11/2023,17.0,13.2,13.2,0.4241,12.5,1,4,0,0
11/11/2023,18.0,12.2,12.2,0.4307,11.2,1,4,0,0
11/11/2023,19.0,11.2,11.2,0.5015,0,1,4,0,0
11/11/2023,20.0,10,10,0.6559,5.4,1,4,0,0
11/11/2023,21.0,8.4,8.4,0.7006999999999999,0,1,4,0,0
11/11/2023,22.0,8.8,8.8,0.6843,0,1,4,0,0
11/11/2023,23.0,6.9,6.3,0.7794,4.9,1,4,0,0
11/12/2023,0.0,6.4,5.8,0.8040999999999999,4.9,1,4,0,0
11/12/2023,1.0,4.8,3.6,0.8306,5.6,1,4,0,0
11/12/2023,2.0,4.9,2.6,0.8626,9.4,1,4,0,0
11/12/2023,3.0,6.5,3.9,0.8231,12.8,1,4,0,0
11/12/2023,4.0,6.1,4,0.8197,9.7,2,4,0,0
11/12/2023,5.0,6.5,4.5,0.7345999999999999,9.9,2,4,0,0
11/12/2023,6.0,6.6,3.7,0.7018000000000001,14.8,2,4,0,0
11/12/2023,7.0,6,2.9,0.6775,16.2,2,4,0,0
11/12/2023,8.0,6,3.1,0.647,14.6,2,4,0,0
11/12/2023,9.0,7.1,3.7,0.6305,20,2,4,0,0
11/12/2023,10.0,7.8,4.9,0.5766,17.7,1,4,0,0
11/12/2023,11.0,8.7,6.2,0.5033,16.2,2,4,0,0
11/12/2023,12.0,9.2,7.5,0.46799999999999997,11.2,2,4,0,0
11/12/2023,13.0,9.9,9.9,0.4475,0.5,1,4,0,0
11/12/2023,14.0,10.5,10.5,0.4425,7.6,1,4,0,0
11/12/2023,15.0,11.4,11.4,0.4157,0,1,4,0,0
11/12/2023,16.0,10.9,10.9,0.43060000000000004,0,1,4,0,0
11/12/2023,17.0,9.1,8.2,0.5044,6.8,1,4,0,0
11/12/2023,18.0,8.4,7.4,0.5547,6.8,1,4,0,0
11/12/2023,19.0,8,6.9,0.6132,6.8,1,4,0,0
11/12/2023,20.0,5.8,5,0.6916,4.9,1,4,0,0
11/12/2023,21.0,6.7,6.7,0.6492,0,1,4,0,0
11/12/2023,22.0,5.7,4.9,0.7216,4.9,1,4,0,0
11/12/2023,23.0,5.6,4.8,0.7476999999999999,4.9,1,4,0,0
11/13/2023,0.0,4,3,0.8084,4.9,1,4,0,1
11/13/2023,1.0,3.9,0.1,0.8312999999999999,17.5,1,4,0,1
11/13/2023,2.0,3.1,0.7,0.7915000000000001,9,1,4,0,1
11/13/2023,3.0,2.6,0,0.7595999999999999,9.2,1,4,0,1
11/13/2023,4.0,1.7,-1.1,0.7818,9.3,1,4,0,1
11/13/2023,5.0,2.1,0.1,0.7511,6.9,1,4,0,1
11/13/2023,6.0,1.6,0.3,0.8073999999999999,4.9,1,4,0,1
11/13/2023,7.0,1.6,0.3,0.8097,4.9,1,4,0,1
11/13/2023,8.0,3.2,3.2,0.7846,0,1,4,0,1
11/13/2023,9.0,4.9,4.9,0.6847,4.5,1,4,0,1
11/13/2023,10.0,7.3,5.9,0.6748999999999999,7.8,1,4,0,1
11/13/2023,11.0,9.4,7.3,0.6015999999999999,13.8,1,4,0,1
11/13/2023,12.0,10.7,10.7,0.5543,11.7,1,4,0,1
11/13/2023,13.0,11.7,11.7,0.5403,12.8,1,4,0,1
11/13/2023,14.0,12.2,12.2,0.5245000000000001,21.3,1,4,0,1
11/13/2023,15.0,12.8,12.8,0.5055,14.8,1,4,0,1
11/13/2023,16.0,12.8,12.8,0.4864,13.1,1,4,0,1
11/13/2023,17.0,11.5,11.5,0.5285,9.2,1,4,0,1
11/13/2023,18.0,10.7,10.7,0.5576,5.8,1,4,0,1
11/13/2023,19.0,10,10,0.6559,13,1,4,0,1
11/13/2023,20.0,8.7,7.5,0.6688,7.9,1,4,0,1
11/13/2023,21.0,8,6.8,0.7481,7.4,1,4,0,1
11/13/2023,22.0,8.6,7.5,0.7672,7.7,1,4,0,1
11/13/2023,23.0,7.7,6.4,0.7173,7.6,1,4,0,1
11/14/2023,0.0,7.1,7.1,0.7676999999999999,1,1,4,0,1
11/14/2023,1.0,6.4,5.7,0.7434999999999999,4.9,1,4,0,1
11/14/2023,2.0,4.8,2.6,0.805,9,1,4,0,1
11/14/2023,3.0,4.9,2.7,0.7929,9.4,1,4,0,1
11/14/2023,4.0,6.7,5.3,0.6528,7.6,1,4,0,1
11/14/2023,5.0,6.6,5.8,0.6234000000000001,5.1,1,4,0,1
11/14/2023,6.0,7.3,4.7,0.5683,14.7,1,4,0,1
11/14/2023,7.0,8.3,5.6,0.5318,16.8,1,4,0,1
11/14/2023,8.0,9.7,7.6,0.49340000000000006,14.9,1,4,0,1
11/14/2023,9.0,11.6,11.6,0.4303,20.3,1,4,0,1
11/14/2023,10.0,12.8,12.8,0.41490000000000005,22.5,1,4,0,1
11/14/2023,11.0,13.7,13.7,0.4069,20.8,1,4,0,1
11/14/2023,12.0,14.7,14.7,0.3801,18.8,1,4,0,1
11/14/2023,13.0,15.4,15.4,0.3649,20,1,4,0,1
11/14/2023,14.0,15.5,15.5,0.3475,16.9,1,4,0,1
11/14/2023,15.0,15.9,15.9,0.3371,17.9,1,4,0,1
11/14/2023,16.0,14.8,14.8,0.3468,19.5,1,4,0,1
11/14/2023,17.0,13.1,13.1,0.3881,14.9,1,4,0,1
11/14/2023,18.0,11.6,11.6,0.4314,10.8,1,4,0,1
11/14/2023,19.0,9.7,9.7,0.48810000000000003,4.5,1,4,0,1
11/14/2023,20.0,9.5,9.5,0.6292,0,1,4,0,1
11/14/2023,21.0,10,10,0.5414,0,1,4,0,1
11/14/2023,22.0,8.2,7.8,0.695,4.9,1,4,0,1
11/14/2023,23.0,6.8,6.8,0.7138,0,1,4,0,1
11/15/2023,0.0,7.3,7.3,0.6667000000000001,0,1,4,0,1
11/15/2023,1.0,6.2,6.2,0.7406,0,1,4,0,1
11/15/2023,2.0,5.2,3.2,0.8231999999999999,8.5,1,4,0,1
11/15/2023,3.0,5.7,3.6,0.7573000000000001,9.4,2,4,0,1
11/15/2023,4.0,5.2,2.9,0.7918000000000001,10.1,2,4,0,1
11/15/2023,5.0,4.3,2.8,0.8104,6.3,1,4,0,1
11/15/2023,6.0,4.4,2.9,0.8343,6.3,1,4,0,1
11/15/2023,7.0,3.6,2.1,0.8477,6.3,1,4,0,1
11/15/2023,8.0,4.9,3.6,0.845,6.3,1,4,0,1
11/15/2023,9.0,7,6.4,0.7693000000000001,4.9,1,4,0,1
11/15/2023,10.0,9.4,9.4,0.6846,0.7,1,4,0,1
11/15/2023,11.0,11.8,11.8,0.5771000000000001,12.5,1,4,0,1
11/15/2023,12.0,13.4,13.4,0.5144,16.3,1,4,0,1
11/15/2023,13.0,14.3,14.3,0.4546,20.7,1,4,0,1
11/15/2023,14.0,15,15,0.46049999999999996,17.9,1,4,0,1
11/15/2023,15.0,14.8,14.8,0.46740000000000004,15,1,4,0,1
11/15/2023,16.0,14.2,14.2,0.4861,15.8,1,4,0,1
11/15/2023,17.0,12.7,12.7,0.4867,17.9,1,4,0,1
11/15/2023,18.0,11.7,11.7,0.5859000000000001,14.8,1,4,0,1
11/15/2023,19.0,11.5,11.5,0.6297999999999999,13,1,4,0,1
11/15/2023,20.0,11.5,11.5,0.5490999999999999,14.6,1,4,0,1
11/15/2023,21.0,11.2,11.2,0.5661999999999999,14.8,1,4,0,1
11/15/2023,22.0,10.5,10.5,0.5615,11,1,4,0,1
11/15/2023,23.0,9.8,7.5,0.6336999999999999,16.7,1,4,0,1
11/16/2023,0.0,9.9,8.3,0.6342,11.5,1,4,0,1
11/16/2023,1.0,9.3,8.3,0.6579,7.9,1,4,0,1
11/16/2023,2.0,8.8,7.6,0.6826000000000001,7.9,1,4,0,1
11/16/2023,3.0,8.2,8.2,0.7089,0.7,1,4,0,1
11/16/2023,4.0,6.6,4.9,0.7636,8.6,1,4,0,1
11/16/2023,5.0,5.7,3.9,0.8024,8.6,1,4,0,1
11/16/2023,6.0,4.7,2.5,0.8275,8.9,1,4,0,1
11/16/2023,7.0,6,5.2,0.7801,5.3,1,4,0,1
11/16/2023,8.0,7.3,7.3,0.7757,4.5,1,4,0,1
11/16/2023,9.0,9.9,9.6,0.6416,5.1,1,4,0,1
11/16/2023,10.0,11.4,11.4,0.6107,8.1,1,4,0,1
11/16/2023,11.0,14,14,0.4864,5.4,1,4,0,1
11/16/2023,12.0,16.9,16.9,0.4064,7.4,1,4,0,1
11/16/2023,13.0,19,19,0.3457,6.8,1,4,0,1
11/16/2023,14.0,20.7,20.7,0.29460000000000003,14.8,1,4,0,1
11/16/2023,15.0,20.7,20.7,0.2515,9.4,1,4,0,1
11/16/2023,16.0,18.9,18.9,0.345,13,1,4,0,1
11/16/2023,17.0,17.2,17.2,0.38270000000000004,9.4,1,4,0,1
11/16/2023,18.0,15.8,15.8,0.3956,9.2,1,4,0,1
11/16/2023,19.0,13.8,13.8,0.4517,7.4,1,4,0,1
11/16/2023,20.0,12.8,12.8,0.5001,6.8,1,4,0,1
11/16/2023,21.0,11.3,11.3,0.6371,9.2,1,4,0,1
11/16/2023,22.0,11.9,11.9,0.5962,5.8,1,4,0,1
11/16/2023,23.0,10.7,10.7,0.6405,8.1,1,4,0,1
11/17/2023,0.0,10.1,10.1,0.7195999999999999,5.9,1,4,0,1
11/17/2023,1.0,9.6,9.6,0.7204,1.4,1,4,0,1
11/17/2023,2.0,9.5,9.5,0.785,1,1,4,0,1
11/17/2023,3.0,9,9,0.8134,1,1,4,0,1
11/17/2023,4.0,8.9,8.9,0.8419,1,1,4,0,1
11/17/2023,5.0,8,8,0.9079,0.8,1,4,0,1
11/17/2023,6.0,7.8,7.8,0.9094,0,1,4,0,1
11/17/2023,7.0,8.2,8.2,0.9068,0,1,4,0,1
11/17/2023,8.0,9.9,9.7,0.9297,4.9,1,4,0,1
11/17/2023,9.0,12.2,12.2,0.8658,21.4,1,4,0,1
11/17/2023,10.0,15,15,0.7182999999999999,14.5,1,4,0,1
11/17/2023,11.0,17.1,17.1,0.6565000000000001,12.6,1,4,0,1
11/17/2023,12.0,18.9,18.9,0.6091,18.2,1,4,0,1
11/17/2023,13.0,20.7,20.7,0.5650999999999999,20.5,1,4,0,1
11/17/2023,14.0,21.2,21.2,0.5284,20.5,1,4,0,1
11/17/2023,15.0,20.7,20.7,0.5449,22.3,1,4,0,1
11/17/2023,16.0,20.6,20.6,0.5474,15.6,1,4,0,1
11/17/2023,17.0,17.2,17.2,0.6759000000000001,11.2,1,4,0,1
11/17/2023,18.0,16.7,16.7,0.6976,11.2,1,4,0,1
11/17/2023,19.0,16.6,16.6,0.6977,11,1,4,0,1
11/17/2023,20.0,17.6,17.6,0.6807,9.5,2,4,0,1
11/17/2023,21.0,17.1,17.1,0.7049,7.7,2,4,0,1
11/17/2023,22.0,16.1,16.1,0.7733,11.2,2,4,0,1
11/17/2023,23.0,16.1,16.1,0.8105,9.4,3,4,0,1
11/18/2023,0.0,15.6,15.6,0.8684999999999999,1,3,4,0,0
11/18/2023,1.0,15,15,0.9042,10.8,3,4,0,0
11/18/2023,2.0,15,15,0.9022,7.4,3,4,0,0
11/18/2023,3.0,14.3,14.3,0.9417,6.8,2,4,0,0
11/18/2023,4.0,13.8,13.8,0.9409000000000001,0.7,2,4,0,0
11/18/2023,5.0,12.9,12.9,0.9327,1,1,4,0,0
11/18/2023,6.0,13.3,13.3,0.9688,0.5,1,4,0,0
11/18/2023,7.0,14.3,14.3,0.8723000000000001,23.7,1,4,0,0
11/18/2023,8.0,14.3,14.3,0.7888,26.1,1,4,0,0
11/18/2023,9.0,14.3,14.3,0.6735,31.7,1,4,0,0
11/18/2023,10.0,14.3,14.3,0.6062,28.3,1,4,0,0
11/18/2023,11.0,13.3,13.3,0.6434000000000001,24.8,1,4,0,0
11/18/2023,12.0,14.8,14.8,0.4963,22.3,1,4,0,0
11/18/2023,13.0,14.3,14.3,0.4139,26.1,1,4,0,0
11/18/2023,14.0,14.3,14.3,0.3957,24.3,1,4,0,0
11/18/2023,15.0,13.8,13.8,0.37329999999999997,23.6,1,4,0,0
11/18/2023,16.0,13.2,13.2,0.34759999999999996,25.6,1,4,0,0
11/18/2023,17.0,11.6,11.6,0.36579999999999996,22.7,1,4,0,0
11/18/2023,18.0,10.5,10.5,0.3931,14.6,1,4,0,0
11/18/2023,19.0,8.9,6.6,0.43729999999999997,14.6,1,4,0,0
11/18/2023,20.0,9.6,7.3,0.4014,16.1,1,4,0,0
11/18/2023,21.0,8.7,6.5,0.4282,13.1,1,4,0,0
11/18/2023,22.0,9.2,6,0.4128,24,1,4,0,0
11/18/2023,23.0,8.3,4.7,0.4557,25.4,1,4,0,0
11/19/2023,0.0,8.2,5.8,0.4587,14.3,1,4,0,0
11/19/2023,1.0,7.7,6.3,0.4753,8.2,1,4,0,0
11/19/2023,2.0,6.6,4.4,0.5372,10.6,1,4,0,0
11/19/2023,3.0,6.3,5,0.5464,6.8,1,4,0,0
11/19/2023,4.0,5.7,5.7,0.6132,0,1,4,0,0
11/19/2023,5.0,5.1,5.1,0.614,0,1,4,0,0
11/19/2023,6.0,4,3,0.6862,4.9,1,4,0,0
11/19/2023,7.0,4,4,0.6884999999999999,0,1,4,0,0
11/19/2023,8.0,5.8,5.8,0.7423000000000001,0.7,1,4,0,0
11/19/2023,9.0,9.8,8.6,0.4656,9.2,1,4,0,0
11/19/2023,10.0,11,11,0.4275,13.1,1,4,0,0
11/19/2023,11.0,12.7,12.7,0.3579,19.8,1,4,0,0
11/19/2023,12.0,14.2,14.2,0.3094,17.3,1,4,0,0
11/19/2023,13.0,14.9,14.9,0.2956,16.4,1,4,0,0
11/19/2023,14.0,14.9,14.9,0.2748,20.1,1,4,0,0
11/19/2023,15.0,16,16,0.2657,14.9,1,4,0,0
11/19/2023,16.0,15.4,15.4,0.2752,17.5,1,4,0,0
11/19/2023,17.0,13.7,13.7,0.3181,6.8,1,4,0,0
11/19/2023,18.0,12.4,12.4,0.34990000000000004,7.4,1,4,0,0
11/19/2023,19.0,11.2,11.2,0.3968,9,1,4,0,0
11/19/2023,20.0,10,9.6,0.45880000000000004,5.4,1,4,0,0
11/19/2023,21.0,9.5,9.5,0.47159999999999996,0,1,4,0,0
11/19/2023,22.0,8.8,8.4,0.5086999999999999,4.9,1,4,0,0
11/19/2023,23.0,6.7,5.9,0.6173,5.4,1,4,0,0
11/20/2023,0.0,7.3,7.3,0.6129,0,1,4,0,1
11/20/2023,1.0,6.8,6.8,0.6363,0,1,4,0,1
11/20/2023,2.0,5.7,5.7,0.6889,0,1,4,0,1
11/20/2023,3.0,4.1,1.1,0.7338,12.6,1,4,0,1
11/20/2023,4.0,5.9,2.7,0.7068000000000001,16.4,1,4,0,1
11/20/2023,5.0,5.4,2.7,0.6770999999999999,12.5,1,4,0,1
11/20/2023,6.0,4.7,2.1,0.6785,11.4,1,4,0,1
11/20/2023,7.0,4.5,1.4,0.6657,13.8,1,4,0,1
11/20/2023,8.0,5.4,2.4,0.624,14.6,1,4,0,1
11/20/2023,9.0,6.6,3.7,0.5363,15.2,1,4,0,1
11/20/2023,10.0,8.2,5.4,0.4623,16.8,1,4,0,1
11/20/2023,11.0,9.2,7.6,0.4165,10.8,1,4,0,1
11/20/2023,12.0,9.2,7.9,0.4156,9,1,4,0,1
11/20/2023,13.0,9.9,9,0.4115,7.6,1,4,0,1
11/20/2023,14.0,10.4,10.4,0.4122,9,1,4,0,1
11/20/2023,15.0,10,8.7,0.4274,9.2,1,4,0,1
11/20/2023,16.0,9.2,8.8,0.4254,5.4,1,4,0,1
11/20/2023,17.0,8.7,6.9,0.46270000000000006,11,2,4,0,1
11/20/2023,18.0,8.1,6,0.5128,12.2,2,4,0,1
11/20/2023,19.0,7,6.2,0.5354,5.4,1,4,0,1
11/20/2023,20.0,7,7,0.4989,4.5,1,4,0,1
11/20/2023,21.0,5.5,3.6,0.6088,8.6,1,4,0,1
11/20/2023,22.0,5.5,3.3,0.588,9.9,1,4,0,1
11/20/2023,23.0,5.4,4,0.5521,6.7,1,4,0,1
11/21/2023,0.0,4.3,2.3,0.6199,8.4,1,4,0,1
11/21/2023,1.0,4.4,2.8,0.5942000000000001,6.7,1,4,0,1
11/21/2023,2.0,3.8,2,0.6878,7.1,2,4,0,1
11/21/2023,3.0,4.7,1.7,0.6822,12.9,2,4,0,1
11/21/2023,4.0,5.5,3,0.6769,11.4,1,4,0,1
11/21/2023,5.0,5.6,3.1,0.6738,11.4,2,4,0,1
11/21/2023,6.0,6.1,4.1,0.6529,9.4,2,4,0,1
11/21/2023,7.0,6.6,3.5,0.6803,16.4,2,4,0,1
11/21/2023,8.0,7.1,4.1,0.6887000000000001,17,2,4,0,1
11/21/2023,9.0,6.6,4,0.8016,13.4,3,4,0,1
11/21/2023,10.0,6.7,4,0.8543000000000001,14.1,3,4,0,1
11/21/2023,11.0,7.2,4.4,0.9026000000000001,15.5,3,4,0,1
11/21/2023,12.0,7.8,5.7,0.9009,11.9,3,4,0,1
11/21/2023,13.0,8.4,6.6,0.9308,10.8,3,4,0,1
11/21/2023,14.0,10.5,10.5,0.8937,15.7,3,4,0,1
11/21/2023,15.0,11.1,11.1,0.8987999999999999,18.3,3,4,0,1
11/21/2023,16.0,12.1,12.1,0.9116,19.4,3,4,0,1
11/21/2023,17.0,12.8,12.8,0.9004000000000001,16.8,3,4,0,1
11/21/2023,18.0,13.3,13.3,0.9044,18.6,3,4,0,1
11/21/2023,19.0,13.7,13.7,0.8787999999999999,20.9,3,4,0,1
11/21/2023,20.0,13.8,13.8,0.9031999999999999,21.2,3,4,0,1
11/21/2023,21.0,14.3,14.3,0.9109999999999999,25.9,3,4,0,1
11/21/2023,22.0,14.9,14.9,0.9020999999999999,19.1,3,4,0,1
11/21/2023,23.0,12.3,12.3,0.9062,23.1,3,4,0,1
11/22/2023,0.0,12.1,12.1,0.9359999999999999,6.1,3,4,0,1
11/22/2023,1.0,12.7,12.7,0.9338,7.2,3,4,0,1
11/22/2023,2.0,12.7,12.7,0.9338,10,3,4,0,1
11/22/2023,3.0,12.1,12.1,0.9395,16.6,2,4,0,1
11/22/2023,4.0,11.1,11.1,0.9329999999999999,13,2,4,0,1
11/22/2023,5.0,11.1,11.1,0.9322,9,2,4,0,1
11/22/2023,6.0,9.4,8.3,0.9373,7.9,1,4,0,1
11/22/2023,7.0,9.8,8.5,0.8815999999999999,9.9,1,4,0,1
11/22/2023,8.0,9.2,8.3,0.88,6.7,1,4,0,1
11/22/2023,9.0,9.9,9,0.8787999999999999,7.7,1,4,0,1
11/22/2023,10.0,11.5,11.5,0.8426,11.3,1,4,0,1
11/22/2023,11.0,13.3,13.3,0.7716,11.5,1,4,0,1
11/22/2023,12.0,15.4,15.4,0.6269,21.1,1,4,0,1
11/22/2023,13.0,15.9,15.9,0.5433,27.3,1,4,0,1
11/22/2023,14.0,15.5,15.5,0.5149,32.8,1,4,0,1
11/22/2023,15.0,13,13,0.5384,31.4,1,4,0,1
11/22/2023,16.0,13.2,13.2,0.5276,25.6,1,4,0,1
11/22/2023,17.0,12.7,12.7,0.547,14.2,1,4,0,1
11/22/2023,18.0,12.1,12.1,0.569,27,2,4,0,1
11/22/2023,19.0,11.6,11.6,0.5665,22.3,2,4,0,1
11/22/2023,20.0,11.1,11.1,0.5881000000000001,15.6,2,4,0,1
11/22/2023,21.0,11,11,0.5906,18.4,2,4,0,1
11/22/2023,22.0,10.6,10.6,0.6072,17,2,4,0,1
11/22/2023,23.0,10.5,10.5,0.5912,19,2,4,0,1
11/23/2023,0.0,9.9,7.5,0.6149,17.4,2,4,1,0
11/23/2023,1.0,9.3,6.3,0.6131,21.1,1,4,1,0
11/23/2023,2.0,8.4,6,0.65,14.4,1,4,1,0
11/23/2023,3.0,8.7,6.1,0.6336999999999999,16.2,1,4,1,0
11/23/2023,4.0,8.3,5.5,0.6478,17.4,1,4,1,0
11/23/2023,5.0,8.1,5.1,0.6118,19.3,1,4,1,0
11/23/2023,6.0,7.7,4.2,0.627,22.8,1,4,1,0
11/23/2023,7.0,7.7,5.6,0.6074,11.5,1,4,1,0
11/23/2023,8.0,7.8,4.3,0.5306000000000001,23,1,4,1,0
11/23/2023,9.0,8.8,5.7,0.4962,21.5,1,4,1,0
11/23/2023,10.0,9.9,6.9,0.4746,24.8,1,4,1,0
11/23/2023,11.0,11.1,11.1,0.4593,20.3,1,4,1,0
11/23/2023,12.0,12.6,12.6,0.4321,16.8,1,4,1,0
11/23/2023,13.0,13.2,13.2,0.4172,9.4,1,4,1,0
11/23/2023,14.0,14.2,14.2,0.3918,14.5,1,4,1,0
11/23/2023,15.0,14.3,14.3,0.3876,11,1,4,1,0
11/23/2023,16.0,14.2,14.2,0.3884,13,1,4,1,0
11/23/2023,17.0,13.2,13.2,0.39909999999999995,8.2,1,4,1,0
11/23/2023,18.0,11.5,11.5,0.4556,4.5,1,4,1,0
11/23/2023,19.0,10.4,10.4,0.5425,4.5,1,4,1,0
11/23/2023,20.0,8.5,8.5,0.6154999999999999,0,1,4,1,0
11/23/2023,21.0,8.1,8.1,0.6557999999999999,4.5,1,4,1,0
11/23/2023,22.0,7.1,7.1,0.6965,0.5,1,4,1,0
11/23/2023,23.0,6.5,5.2,0.7583,6.9,1,4,1,0
11/24/2023,0.0,8.1,7.4,0.6103000000000001,5.6,1,4,0,1
11/24/2023,1.0,7.7,4.7,0.628,18.3,1,4,0,1
11/24/2023,2.0,6.7,4.4,0.6685,11.6,1,4,0,1
11/24/2023,3.0,6,3.7,0.68,10.8,1,4,0,1
11/24/2023,4.0,5.4,5.4,0.7095,4.5,1,4,0,1
11/24/2023,5.0,5.9,5.9,0.6873999999999999,4.5,1,4,0,1
11/24/2023,6.0,4.4,2.5,0.7593000000000001,7.8,1,4,0,1
11/24/2023,7.0,5.1,3.3,0.725,7.8,1,4,0,1
11/24/2023,8.0,5.2,3.1,0.7464,9.3,1,4,0,1
11/24/2023,9.0,7.4,4.9,0.6723,13.2,1,4,0,1
11/24/2023,10.0,10.4,10.4,0.5643,14.5,1,4,0,1
11/24/2023,11.0,12.1,12.1,0.48619999999999997,20.7,1,4,0,1
11/24/2023,12.0,12.7,12.7,0.4498,16.4,1,4,0,1
11/24/2023,13.0,13.1,13.1,0.4524,14.8,1,4,0,1
11/24/2023,14.0,12.1,12.1,0.4661,20.5,1,4,0,1
11/24/2023,15.0,11.6,11.6,0.4816,16.3,2,4,0,1
11/24/2023,16.0,11.1,11.1,0.48590000000000005,14.2,1,4,0,1
11/24/2023,17.0,10,7.8,0.5367999999999999,15.8,1,4,0,1
11/24/2023,18.0,9.8,8.1,0.5255,12.2,1,4,0,1
11/24/2023,19.0,8.7,6,0.5404,18.4,1,4,0,1
11/24/2023,20.0,8.2,5.7,0.5119,15.2,1,4,0,1
11/24/2023,21.0,7.7,4.5,0.47100000000000003,19.9,1,4,0,1
11/24/2023,22.0,6.6,2.9,0.46649999999999997,21.8,1,4,0,1
11/24/2023,23.0,6,1.6,0.4448,27.2,1,4,0,1
11/25/2023,0.0,4.8,0.4,0.46549999999999997,23.4,1,4,0,0
11/25/2023,1.0,4.1,-0.2,0.4717,21.8,1,4,0,0
11/25/2023,2.0,3.6,-0.7,0.48450000000000004,20.7,1,4,0,0
11/25/2023,3.0,2.7,-1.3,0.5276,17,1,4,0,0
11/25/2023,4.0,2,-2.6,0.5271,19.3,1,4,0,0
11/25/2023,5.0,1.5,-3.1,0.5423,18.2,1,4,0,0
11/25/2023,6.0,1.3,-2.5,0.5476,13.5,1,4,0,0
11/25/2023,7.0,0.8,-3.9,0.5706,17.7,1,4,0,0
11/25/2023,8.0,1.4,-2.9,0.5472,16.4,1,4,0,0
11/25/2023,9.0,2.6,-1.5,0.4818,17,1,4,0,0
11/25/2023,10.0,3.7,1,0.45990000000000003,10.5,1,4,0,0
11/25/2023,11.0,4.8,2.3,0.4291,10.7,1,4,0,0
11/25/2023,12.0,5.6,4.3,0.39520000000000005,6.3,1,4,0,0
11/25/2023,13.0,6.1,4.7,0.3923,6.7,1,4,0,0
11/25/2023,14.0,6.6,6.6,0.3764,1.1,1,4,0,0
11/25/2023,15.0,6.6,5.8,0.3786,5.4,1,4,0,0
11/25/2023,16.0,6.5,5.2,0.3803,6.7,1,4,0,0
11/25/2023,17.0,4.7,2.7,0.4501,8.6,1,4,0,0
11/25/2023,18.0,4.4,1.7,0.4982,11.4,1,4,0,0
11/25/2023,19.0,2.9,0.7,0.5549000000000001,7.8,1,4,0,0
11/25/2023,20.0,2.7,2.7,0.5669,0,1,4,0,0
11/25/2023,21.0,2.2,0.4,0.5934,6.3,1,4,0,0
11/25/2023,22.0,2.1,2.1,0.6376,0,1,4,0,0
11/25/2023,23.0,2.6,2.6,0.6215999999999999,0,1,4,0,0
11/26/2023,0.0,2.5,2.5,0.6701,0,1,4,0,0
11/26/2023,1.0,1.6,-1,0.7474,8.2,1,4,0,0
11/26/2023,2.0,1.6,-1.4,0.7491,9.7,1,4,0,0
11/26/2023,3.0,1.7,-0.2,0.7428,6.3,2,4,0,0
11/26/2023,4.0,2.3,2.3,0.7161,4.5,2,4,0,0
11/26/2023,5.0,2.4,2.4,0.7386,4.5,2,4,0,0
11/26/2023,6.0,2.4,2.4,0.7423000000000001,4.5,2,4,0,0
11/26/2023,7.0,1.8,0.4,0.775,5.1,1,4,0,0
11/26/2023,8.0,2.4,0.2,0.7684000000000001,7.8,1,4,0,0
11/26/2023,9.0,4.2,2.7,0.7454999999999999,6.3,2,4,0,0
11/26/2023,10.0,5.6,4.1,0.713,6.9,2,4,0,0
11/26/2023,11.0,6.7,5.6,0.6870999999999999,6.3,2,4,0,0
11/26/2023,12.0,7.7,6.6,0.6878,7.2,2,4,0,0
11/26/2023,13.0,7.1,7.1,0.8283,0.5,3,4,0,0
11/26/2023,14.0,8.2,7.6,0.8069,5.4,3,4,0,0
11/26/2023,15.0,7.8,7.8,0.8320000000000001,0.7,3,4,0,0
11/26/2023,16.0,7.5,7.5,0.9107999999999999,3,3,4,0,0
11/26/2023,17.0,7.2,6.4,0.9306,5.5,3,4,0,0
11/26/2023,18.0,7.8,7.8,0.9281999999999999,0.4,3,4,0,0
11/26/2023,19.0,7.7,6.4,0.9305,7.7,3,4,0,0
11/26/2023,20.0,7.1,7.1,0.9328,0.8,3,4,0,0
11/26/2023,21.0,7.7,6,0.9031999999999999,9.2,1,4,0,0
11/26/2023,22.0,7,4.6,0.8745,12.6,1,4,0,0
11/26/2023,23.0,6.1,3.5,0.8906999999999999,12.5,1,4,0,0
11/27/2023,0.0,5.6,3.5,0.8865999999999999,9.7,1,4,0,1
11/27/2023,1.0,5.6,3.3,0.8824,10.7,1,4,0,1
11/27/2023,2.0,5.5,5.5,0.8843000000000001,1.3,1,4,0,1
11/27/2023,3.0,4.9,2.8,0.8931,8.6,1,4,0,1
11/27/2023,4.0,4.7,3.7,0.8956999999999999,5.3,1,4,0,1
11/27/2023,5.0,4.5,4.5,0.9006000000000001,0.7,1,4,0,1
11/27/2023,6.0,5.2,5.2,0.8359000000000001,1.1,1,4,0,1
11/27/2023,7.0,4.4,3.3,0.8436,5.3,1,4,0,1
11/27/2023,8.0,5.1,5.1,0.8369,1,1,4,0,1
11/27/2023,9.0,8.4,6.9,0.7263,9.3,1,4,0,1
11/27/2023,10.0,9.8,6.9,0.5487,23.3,1,4,0,1
11/27/2023,11.0,9.9,6.5,0.4482,29,1,4,0,1
11/27/2023,12.0,8.9,5.6,0.45270000000000005,24.8,1,4,0,1
11/27/2023,13.0,8.9,5,0.4022,32.3,1,4,0,1
11/27/2023,14.0,9.3,5.8,0.4157,27.6,1,4,0,1
11/27/2023,15.0,8.9,6.1,0.41869999999999996,19.2,1,4,0,1
11/27/2023,16.0,7.9,4.2,0.42810000000000004,25,1,4,0,1
11/27/2023,17.0,6.2,2.5,0.46409999999999996,21,1,4,0,1
11/27/2023,18.0,4.4,-0.5,0.4752,27.8,1,4,0,1
11/27/2023,19.0,3.9,-1.1,0.4708,26.6,1,4,0,1
11/27/2023,20.0,3.8,-1.2,0.4425,27.1,1,4,0,1
11/27/2023,21.0,3.8,-1.1,0.4397,25.4,1,4,0,1
11/27/2023,22.0,3.3,-0.2,0.4569,14.1,1,4,0,1
11/27/2023,23.0,2.5,0.1,0.4866,8.6,1,4,0,1
11/28/2023,0.0,1.4,-0.8,0.5440999999999999,7.2,1,4,0,1
11/28/2023,1.0,0.8,-2,0.5783,8.6,1,4,0,1
11/28/2023,2.0,0.7,-2.1,0.5935,8.7,1,4,0,1
11/28/2023,3.0,0.7,-2.6,0.5788,10.5,1,4,0,1
11/28/2023,4.0,2,-1.3,0.5234000000000001,11.9,2,4,0,1
11/28/2023,5.0,1.6,-2,0.54,12.9,2,4,0,1
11/28/2023,6.0,2.8,-1.1,0.4853,16.3,2,4,0,1
11/28/2023,7.0,2.5,-0.8,0.4929,12.2,1,4,0,1
11/28/2023,8.0,2.2,-0.3,0.5579999999999999,8.6,1,4,0,1
11/28/2023,9.0,4.7,0.3,0.38630000000000003,23.4,1,4,0,1
11/28/2023,10.0,5.5,1,0.33909999999999996,27.2,1,4,0,1
11/28/2023,11.0,5.6,1.4,0.3065,25.1,1,4,0,1
11/28/2023,12.0,5.5,0.8,0.358,29.1,1,4,0,1
11/28/2023,13.0,4.5,-0.5,0.36920000000000003,28.9,1,4,0,1
11/28/2023,14.0,4.3,-1.6,0.276,39.3,3,4,0,1
11/28/2023,15.0,3.8,-1.9,0.2805,34.1,1,4,0,1
11/28/2023,16.0,2.7,-3,0.2917,30.5,1,4,0,1
11/28/2023,17.0,1.1,-5.5,0.3521,35.1,1,4,0,1
11/28/2023,18.0,0.5,-4.6,0.3422,20.2,1,4,0,1
11/28/2023,19.0,-0.7,-6.2,0.35729999999999995,21.2,1,4,0,1
11/28/2023,20.0,-0.7,-6.7,0.3729,24.7,1,4,0,1
11/28/2023,21.0,-1.2,-6.6,0.3898,18.9,1,4,0,1
11/28/2023,22.0,-1.3,-5.2,0.40909999999999996,11.5,1,4,0,1
11/28/2023,23.0,-1.7,-5.3,0.441,9.7,1,4,0,1
11/29/2023,0.0,-2.2,-6.7,0.45640000000000003,13,1,4,0,1
11/29/2023,1.0,-2.8,-6.2,0.4789,8.6,1,4,0,1
11/29/2023,2.0,-2.9,-7.5,0.48109999999999997,12.7,1,4,0,1
11/29/2023,3.0,-2.9,-7.6,0.4796,13.4,1,4,0,1
11/29/2023,4.0,-3.3,-6.3,0.5041,7.2,1,4,0,1
11/29/2023,5.0,-3.6,-7.2,0.5147999999999999,9,1,4,0,1
11/29/2023,6.0,-3.7,-6.7,0.5171,7.1,1,4,0,1
11/29/2023,7.0,-3.8,-6.1,0.5188,5.4,1,4,0,1
11/29/2023,8.0,-3.2,-6.1,0.5412,7.1,1,4,0,1
11/29/2023,9.0,-1.8,-5.7,0.4608,10.8,1,4,0,1
11/29/2023,10.0,-0.1,-3.2,0.405,9.3,1,4,0,1
11/29/2023,11.0,1.2,-2.2,0.36829999999999996,11.2,1,4,0,1
11/29/2023,12.0,2.2,-1.2,0.3669,12.5,1,4,0,1
11/29/2023,13.0,3.3,0.3,0.3075,11.5,1,4,0,1
11/29/2023,14.0,3.9,0.7,0.3032,13.4,1,4,0,1
11/29/2023,15.0,4.4,0.9,0.3018,15.5,1,4,0,1
11/29/2023,16.0,3.9,0.3,0.31679999999999997,15.7,1,4,0,1
11/29/2023,17.0,3.8,0.1,0.32020000000000004,15.7,1,4,0,1
11/29/2023,18.0,2.8,-0.9,0.3593,14.7,1,4,0,1
11/29/2023,19.0,2.4,-1.2,0.40369999999999995,13.5,1,4,0,1
11/29/2023,20.0,2.9,-0.9,0.4129,15.2,2,4,0,1
11/29/2023,21.0,3.6,0.2,0.4205,13.8,2,4,0,1
11/29/2023,22.0,2.9,0,0.3895,10.4,1,4,0,1
11/29/2023,23.0,2.5,-1,0.4053,13.4,1,4,0,1
11/30/2023,0.0,1.3,-1.4,0.42710000000000004,8.7,1,4,0,1
11/30/2023,1.0,0.6,-2.2,0.4672,8.7,1,4,0,1
11/30/2023,2.0,1.1,-1,0.43579999999999997,6.7,1,4,0,1
11/30/2023,3.0,-0.2,-2.8,0.5181,7.4,1,4,0,1
11/30/2023,4.0,0.2,-1.6,0.5403,5.4,1,4,0,1
11/30/2023,5.0,-0.5,-2.2,0.5446,5.1,1,4,0,1
11/30/2023,6.0,0,-2.1,0.5565,6.3,1,4,0,1
11/30/2023,7.0,0.4,0.4,0.5976,0,1,4,0,1
11/30/2023,8.0,0.7,-2.4,0.674,9.7,1,4,0,1
11/30/2023,9.0,3.3,0.3,0.5616,11.9,1,4,0,1
11/30/2023,10.0,5.9,3.2,0.47,12.7,1,4,0,1
11/30/2023,11.0,8.2,5.8,0.4501,14.3,1,4,0,1
11/30/2023,12.0,10.3,10.3,0.4194,14.3,1,4,0,1
11/30/2023,13.0,11.5,11.5,0.4025,15,1,4,0,1
11/30/2023,14.0,12.3,12.3,0.4065,16.6,1,4,0,1
11/30/2023,15.0,12,12,0.42119999999999996,16.8,1,4,0,1
11/30/2023,16.0,11.3,11.3,0.4595,14.6,1,4,0,1
11/30/2023,17.0,9.4,7.7,0.5245000000000001,11.2,1,4,0,1
11/30/2023,18.0,8.7,6.3,0.5527000000000001,15,1,4,0,1
11/30/2023,19.0,8.8,6.9,0.5067,11.6,1,4,0,1
11/30/2023,20.0,7.3,4.7,0.5604,14.2,1,4,0,1
11/30/2023,21.0,7.1,5,0.5941,11.2,1,4,0,1
11/30/2023,22.0,6.5,4.3,0.596,10.9,1,4,0,1
11/30/2023,23.0,6.8,5,0.6498999999999999,9,1,4,0,1
12/1/2023,0.0,6.7,4.1,0.6073,13.5,1,4,0,1
12/1/2023,1.0,5.7,3.4,0.6241,10.5,1,4,0,1
12/1/2023,2.0,6.2,5.1,0.5884,5.8,1,4,0,1
12/1/2023,3.0,5.2,2.8,0.6981999999999999,10.4,1,4,0,1
12/1/2023,4.0,5,3.9,0.6546,5.6,1,4,0,1
12/1/2023,5.0,3.9,3.9,0.7399,0.5,1,4,0,1
12/1/2023,6.0,3.9,3.9,0.7681999999999999,0,1,4,0,1
12/1/2023,7.0,5,3.5,0.6842,6.7,1,4,0,1
12/1/2023,8.0,5.1,3.8,0.7138,6.3,1,4,0,1
12/1/2023,9.0,6,4.7,0.7012,6.7,2,4,0,1
12/1/2023,10.0,7.9,6,0.6093,10.9,1,4,0,1
12/1/2023,11.0,8.6,6,0.5721,16.5,1,4,0,1
12/1/2023,12.0,10.2,10.2,0.5091,9.2,1,4,0,1
12/1/2023,13.0,9,7.6,0.6668000000000001,9.5,3,4,0,1
12/1/2023,14.0,10.2,10.2,0.6344,12,2,4,0,1
12/1/2023,15.0,10.5,10.5,0.6781,15,3,4,0,1
12/1/2023,16.0,9.3,8,0.8051,8.8,3,4,0,1
12/1/2023,17.0,8.7,6.5,0.8961,14.2,3,4,0,1
12/1/2023,18.0,8.7,6.6,0.8734999999999999,13.1,3,4,0,1
12/1/2023,19.0,8.3,7,0.9244,8,2,4,0,1
12/1/2023,20.0,8.4,6.6,0.9256,10.4,2,4,0,1
12/1/2023,21.0,8.3,6.9,0.9285,8.5,2,4,0,1
12/1/2023,22.0,8.4,6.4,0.9251,12.2,2,4,0,1
12/1/2023,23.0,8.9,7.3,0.9307,10.2,2,4,0,1
12/2/2023,0.0,8.5,6.9,0.9237000000000001,9.7,2,4,0,0
12/2/2023,1.0,8.6,7,0.9218000000000001,9.3,1,4,0,0
12/2/2023,2.0,8.4,7.3,0.9262999999999999,7.5,1,4,0,0
12/2/2023,3.0,8,6.8,0.9259999999999999,7.2,1,4,0,0
12/2/2023,4.0,7.9,7.9,0.9257,0.7,2,4,0,0
12/2/2023,5.0,7.9,7.9,0.9265000000000001,0.8,2,4,0,0
12/2/2023,6.0,7.9,7.9,0.9559000000000001,1,2,4,0,0
12/2/2023,7.0,8.2,8.2,0.9292,0.5,2,4,0,0
12/2/2023,8.0,8.9,8.9,0.9632,0.5,2,4,0,0
12/2/2023,9.0,9,8.6,0.9631000000000001,4.9,2,4,0,0
12/2/2023,10.0,10.1,10.1,0.9575,6.3,2,4,0,0
12/2/2023,11.0,10.7,10.7,0.9209,8.7,2,4,0,0
12/2/2023,12.0,10.8,10.8,0.9165000000000001,7.8,2,4,0,0
12/2/2023,13.0,11.3,11.3,0.9238,0,2,4,0,0
12/2/2023,14.0,11.7,11.7,0.8967,5.4,2,4,0,0
12/2/2023,15.0,11.2,11.2,0.9245,9.9,2,4,0,0
12/2/2023,16.0,11.8,11.8,0.8928,7.2,1,4,0,0
12/2/2023,17.0,10.9,10.9,0.9173,4.5,2,4,0,0
12/2/2023,18.0,10.2,10.2,0.9289000000000001,5.3,2,4,0,0
12/2/2023,19.0,10.1,10.1,0.9419,0,2,4,0,0
12/2/2023,20.0,10.8,10.8,0.9233,0.5,2,4,0,0
12/2/2023,21.0,11.2,11.2,0.9682,0.4,2,4,0,0
12/2/2023,22.0,9.7,9,0.9667,6.7,3,4,0,0
12/2/2023,23.0,11.6,11.6,0.9641,7.2,3,4,0,0
12/3/2023,0.0,11.7,11.7,0.9612999999999999,7.4,3,4,0,0
12/3/2023,1.0,11.2,11.2,0.9645999999999999,8.4,3,4,0,0
12/3/2023,2.0,11.1,11.1,0.9643,10.1,3,4,0,0
12/3/2023,3.0,10.8,10.8,0.9549,11.1,3,4,0,0
12/3/2023,4.0,10.9,10.9,0.9417,7.3,3,4,0,0
12/3/2023,5.0,11.2,11.2,0.963,10.7,3,4,0,0
12/3/2023,6.0,10.8,10.8,0.9184,9.5,3,4,0,0
12/3/2023,7.0,11.1,11.1,0.9294,9.4,3,4,0,0
12/3/2023,8.0,11.2,11.2,0.9301999999999999,0.8,3,4,0,0
12/3/2023,9.0,11.7,11.7,0.9362,5.1,2,4,0,0
12/3/2023,10.0,11.7,11.7,0.9634999999999999,6.3,2,4,0,0
12/3/2023,11.0,12.2,12.2,0.9649,5.4,2,4,0,0
12/3/2023,12.0,12.2,12.2,0.9662000000000001,4.7,2,4,0,0
12/3/2023,13.0,12.3,12.3,0.9645999999999999,0,2,4,0,0
12/3/2023,14.0,12,12,0.9598,0.5,2,4,0,0
12/3/2023,15.0,12.4,12.4,0.9638,5.3,2,4,0,0
12/3/2023,16.0,12.4,12.4,0.963,0.9,2,4,0,0
12/3/2023,17.0,12.9,12.9,0.9575,0.7,2,4,0,0
12/3/2023,18.0,12.3,12.3,0.9682,0.5,2,4,0,0
12/3/2023,19.0,12.3,12.3,0.9649,0,2,4,0,0
12/3/2023,20.0,13.4,13.4,0.9308,6.9,2,4,0,0
12/3/2023,21.0,11.3,11.3,0.9295,7.4,1,4,0,0
12/3/2023,22.0,10.1,10.1,0.9564,4.7,1,4,0,0
12/3/2023,23.0,10.5,10.5,0.9625,6.2,1,4,0,0
12/4/2023,0.0,10.4,10.4,0.922,0.3,2,4,0,1
12/4/2023,1.0,11.6,11.6,0.5948,23.8,1,4,0,1
12/4/2023,2.0,10.1,10.1,0.5690999999999999,13.5,1,4,0,1
12/4/2023,3.0,8.2,5.5,0.6338,16.5,1,4,0,1
12/4/2023,4.0,8.6,6.9,0.6198,10.4,1,4,0,1
12/4/2023,5.0,8,7.5,0.6481999999999999,5.1,1,4,0,1
12/4/2023,6.0,8.2,8.2,0.616,0,2,4,0,1
12/4/2023,7.0,7.5,6.3,0.7204999999999999,7.1,1,4,0,1
12/4/2023,8.0,7.4,7.4,0.7776000000000001,0,1,4,0,1
12/4/2023,9.0,9.1,7.6,0.7001999999999999,9.9,1,4,0,1
12/4/2023,10.0,10.1,10.1,0.6426999999999999,8.2,1,4,0,1
12/4/2023,11.0,11.7,11.7,0.5532,15.1,1,4,0,1
12/4/2023,12.0,13.1,13.1,0.46799999999999997,6.9,1,4,0,1
12/4/2023,13.0,12.8,12.8,0.49520000000000003,8.4,1,4,0,1
12/4/2023,14.0,12.8,12.8,0.4425,5.1,1,4,0,1
12/4/2023,15.0,12.8,12.8,0.4461,10,1,4,0,1
12/4/2023,16.0,12.2,12.2,0.4146,12.2,1,4,0,1
12/4/2023,17.0,10.7,10.7,0.512,14,1,4,0,1
12/4/2023,18.0,10.6,10.6,0.479,10.7,1,4,0,1
12/4/2023,19.0,9.8,8.7,0.5275,8.4,1,4,0,1
12/4/2023,20.0,8.7,7.9,0.5273,6.3,1,4,0,1
12/4/2023,21.0,7.3,6.3,0.6327,6.3,1,4,0,1
12/4/2023,22.0,7.5,5.4,0.5957,11.2,1,4,0,1
12/4/2023,23.0,5.7,4.2,0.6701999999999999,7.1,1,4,0,1
12/5/2023,0.0,6.1,4.3,0.6218,8.9,1,4,0,1
12/5/2023,1.0,4.7,2.5,0.6847,9,1,4,0,1
12/5/2023,2.0,4.7,1.9,0.6611,12,1,4,0,1
12/5/2023,3.0,5.2,3.5,0.6552,7.6,1,4,0,1
12/5/2023,4.0,4.5,2,0.6864,10.1,1,4,0,1
12/5/2023,5.0,5.1,2.8,0.6179,10.1,1,4,0,1
12/5/2023,6.0,5.5,3.4,0.6032,9.4,1,4,0,1
12/5/2023,7.0,4.7,2,0.636,11.4,1,4,0,1
12/5/2023,8.0,6,4,0.6095,9.3,1,4,0,1
12/5/2023,9.0,8.6,8.6,0.5017,2,1,4,0,1
12/5/2023,10.0,9.3,7.5,0.4645,11.3,1,4,0,1
12/5/2023,11.0,8.8,6.4,0.474,15.6,2,4,0,1
12/5/2023,12.0,9.9,8.5,0.4559,9.9,1,4,0,1
12/5/2023,13.0,10.1,10.1,0.46619999999999995,11.5,1,4,0,1
12/5/2023,14.0,10,10,0.4531,1.3,2,4,0,1
12/5/2023,15.0,10,9.1,0.4562,7.2,2,4,0,1
12/5/2023,16.0,9.3,8.5,0.48009999999999997,6.7,2,4,0,1
12/5/2023,17.0,8.6,7.9,0.5079,6.1,2,4,0,1
12/5/2023,18.0,8.1,7.1,0.5639,6.9,2,4,0,1
12/5/2023,19.0,7.6,5.9,0.5837,9.7,2,4,0,1
12/5/2023,20.0,6.6,5.3,0.625,6.9,1,4,0,1
12/5/2023,21.0,6.5,4.9,0.6738,7.8,2,4,0,1
12/5/2023,22.0,5.9,3.4,0.6775,11.9,2,4,0,1
12/5/2023,23.0,5.9,3.5,0.6794,11.6,2,4,0,1
12/6/2023,0.0,6,3.8,0.6774,10.2,2,4,0,1
12/6/2023,1.0,5.5,2.7,0.7048000000000001,13.5,2,4,0,1
12/6/2023,2.0,5.5,3,0.7323999999999999,11.7,2,4,0,1
12/6/2023,3.0,5.5,2.5,0.7339,14.6,2,4,0,1
12/6/2023,4.0,5.5,2.9,0.7373999999999999,11.9,2,4,0,1
12/6/2023,5.0,5,2.1,0.7948999999999999,12.5,2,4,0,1
12/6/2023,6.0,4.9,1.8,0.7694,14.2,2,4,0,1
12/6/2023,7.0,4.9,1.6,0.7429000000000001,15.6,2,4,0,1
12/6/2023,8.0,4.9,1.7,0.7628,14.5,2,4,0,1
12/6/2023,9.0,5.5,2.7,0.7278,13,2,4,0,1
12/6/2023,10.0,6,2.5,0.6520999999999999,19.2,1,4,0,1
12/6/2023,11.0,6.7,3.3,0.5916,18.7,1,4,0,1
12/6/2023,12.0,6.6,2.6,0.5276,24.7,2,4,0,1
12/6/2023,13.0,7,2.8,0.4962,28.3,2,4,0,1
12/6/2023,14.0,7.1,3.2,0.49079999999999996,25.7,1,4,0,1
12/6/2023,15.0,6.7,2.6,0.5029,26.3,2,4,0,1
12/6/2023,16.0,6.7,3.1,0.486,20.7,1,4,0,1
12/6/2023,17.0,6.2,2.9,0.46659999999999996,17,1,4,0,1
12/6/2023,18.0,6.1,2.1,0.4449,22.5,1,4,0,1
12/6/2023,19.0,5,2.2,0.4813,12.6,1,4,0,1
12/6/2023,20.0,4.9,1.3,0.4858,17.3,1,4,0,1
12/6/2023,21.0,4.8,1.6,0.4878,14.8,1,4,0,1
12/6/2023,22.0,3.8,1,0.5229,11.3,1,4,0,1
12/6/2023,23.0,3.3,0.6,0.5184000000000001,10.3,1,4,0,1
12/7/2023,0.0,3.3,1.1,0.5194,7.9,1,4,0,1
12/7/2023,1.0,1.5,-1.2,0.6171,8.6,1,4,0,1
12/7/2023,2.0,1.7,1.7,0.6041,0,1,4,0,1
12/7/2023,3.0,1.2,1.2,0.6277,1,1,4,0,1
12/7/2023,4.0,1.8,-1,0.6328,9.3,1,4,0,1
12/7/2023,5.0,2,-0.8,0.6459,9.6,1,4,0,1
12/7/2023,6.0,2.6,-0.4,0.6127,10.7,2,4,0,1
12/7/2023,7.0,1.5,-0.7,0.6529,7.1,1,4,0,1
12/7/2023,8.0,2,-1.2,0.6544,11.2,1,4,0,1
12/7/2023,9.0,3.2,0.6,0.5772999999999999,9.9,2,4,0,1
12/7/2023,10.0,3.8,1.1,0.5752,10.5,2,4,0,1
12/7/2023,11.0,4.4,1.3,0.55,13.1,2,4,0,1
12/7/2023,12.0,6.6,3.6,0.5221,16.3,2,4,0,1
12/7/2023,13.0,7.1,4,0.4932,17.6,2,4,0,1
12/7/2023,14.0,7.1,3.6,0.4946,21.4,1,4,0,1
12/7/2023,15.0,7.8,5,0.4854,16.3,2,4,0,1
12/7/2023,16.0,7.7,4.3,0.4711,22.1,2,4,0,1
12/7/2023,17.0,7.9,5.6,0.5104,13.5,2,4,0,1
12/7/2023,18.0,7.3,5.7,0.5367999999999999,8.7,2,4,0,1
12/7/2023,19.0,7.8,6.3,0.5046,8.6,1,4,0,1
12/7/2023,20.0,7.2,5.6,0.615,8.4,2,4,0,1
12/7/2023,21.0,7,5.9,0.6062,6.3,2,4,0,1
12/7/2023,22.0,6.8,6.8,0.6115999999999999,4.5,1,4,0,1
12/7/2023,23.0,6.6,6.6,0.5948,0,1,4,0,1
12/8/2023,0.0,5.5,5.5,0.69,0,1,4,0,1
12/8/2023,1.0,4.4,4.4,0.7686,0,1,4,0,1
12/8/2023,2.0,3.6,3.6,0.7513,0,1,4,0,1
12/8/2023,3.0,3.2,3.2,0.7731,0,1,4,0,1
12/8/2023,4.0,2.8,2.8,0.7967,0,1,4,0,1
12/8/2023,5.0,2.8,2.8,0.7979999999999999,0,1,4,0,1
12/8/2023,6.0,2.8,2.8,0.7992,0,1,4,0,1
12/8/2023,7.0,3.2,3.2,0.8290000000000001,0,1,4,0,1
12/8/2023,8.0,3.2,3.2,0.8337,0,1,4,0,1
12/8/2023,9.0,5.4,5.4,0.7156999999999999,4.5,1,4,0,1
12/8/2023,10.0,7.2,6.5,0.6547,5.1,1,4,0,1
12/8/2023,11.0,8.2,8.2,0.5979,1.6,1,4,0,1
12/8/2023,12.0,11.3,11.3,0.48840000000000006,11.2,1,4,0,1
12/8/2023,13.0,13.3,13.3,0.4144,14.3,1,4,0,1
12/8/2023,14.0,14.2,14.2,0.3917,12.3,1,4,0,1
12/8/2023,15.0,13.4,13.4,0.4393,13,1,4,0,1
12/8/2023,16.0,13.4,13.4,0.44420000000000004,13,1,4,0,1
12/8/2023,17.0,11.1,11.1,0.531,13.7,1,4,0,1
12/8/2023,18.0,10.3,10.3,0.5494,11,1,4,0,1
12/8/2023,19.0,10.1,10.1,0.5416,7.4,1,4,0,1
12/8/2023,20.0,8.5,7.1,0.6678000000000001,8.7,1,4,0,1
12/8/2023,21.0,8,6.9,0.7117,6.7,1,4,0,1
12/8/2023,22.0,6.8,5.1,0.7716,8.7,1,4,0,1
12/8/2023,23.0,7.7,7.7,0.7261,1,1,4,0,1
12/9/2023,0.0,6.6,6.6,0.755,1,1,4,0,0
12/9/2023,1.0,6.1,6.1,0.8022,0.5,1,4,0,0
12/9/2023,2.0,5.2,3.8,0.8547,6.3,1,4,0,0
12/9/2023,3.0,3.8,2.1,0.902,6.7,1,4,0,0
12/9/2023,4.0,3.8,2.3,0.9020999999999999,6.3,1,4,0,0
12/9/2023,5.0,2.8,2.8,0.9218000000000001,4.5,1,4,0,0
12/9/2023,6.0,2.9,0.7,0.8946,8.1,1,4,0,0
12/9/2023,7.0,2.7,1.5,0.8936,4.9,1,4,0,0
12/9/2023,8.0,2.7,1.4,0.9201,5.1,1,4,0,0
12/9/2023,9.0,5.5,4.7,0.8220999999999999,5.1,1,4,0,0
12/9/2023,10.0,7.3,6.6,0.7572,5.3,1,4,0,0
12/9/2023,11.0,9.5,8.2,0.6731,9,1,4,0,0
12/9/2023,12.0,11.3,11.3,0.5770000000000001,7.4,1,4,0,0
12/9/2023,13.0,12.4,12.4,0.5401,1.2,1,4,0,0
12/9/2023,14.0,13.5,13.5,0.4964,10.5,1,4,0,0
12/9/2023,15.0,12,12,0.5693,7.4,1,4,0,0
12/9/2023,16.0,12.3,12.3,0.5607,7.1,1,4,0,0
12/9/2023,17.0,11.7,11.7,0.5665,7.1,1,4,0,0
12/9/2023,18.0,9.7,9.7,0.6592,0,1,4,0,0
12/9/2023,19.0,10.1,10.1,0.6448,0.7,1,4,0,0
12/9/2023,20.0,9.7,8.9,0.6892,6.9,1,4,0,0
12/9/2023,21.0,10.3,10.3,0.6912,8.9,1,4,0,0
12/9/2023,22.0,10.9,10.9,0.696,10.5,1,4,0,0
12/9/2023,23.0,10,9.1,0.743,7.7,1,4,0,0
12/10/2023,0.0,10.1,10.1,0.7946,9.2,2,4,0,0
12/10/2023,1.0,11.6,11.6,0.7748999999999999,15.2,1,4,0,0
12/10/2023,2.0,10.7,10.7,0.8287,9.2,1,4,0,0
12/10/2023,3.0,12.4,12.4,0.8325,12.3,1,4,0,0
12/10/2023,4.0,12.1,12.1,0.8602,9.2,2,4,0,0
12/10/2023,5.0,13.1,13.1,0.8377,12.2,2,4,0,0
12/10/2023,6.0,12.7,12.7,0.8634999999999999,13.5,2,4,0,0
12/10/2023,7.0,11.9,11.9,0.8912,14.2,1,4,0,0
12/10/2023,8.0,15.1,15.1,0.8698999999999999,11.5,2,4,0,0
12/10/2023,9.0,13.5,13.5,0.9103,15.4,3,4,0,0
12/10/2023,10.0,13.6,13.6,0.9637,10.9,3,4,0,0
12/10/2023,11.0,14.5,14.5,0.9640000000000001,12.6,3,4,0,0
12/10/2023,12.0,14.6,14.6,0.9636,12.7,3,4,0,0
12/10/2023,13.0,16.7,16.7,0.9344,11.7,3,4,0,0
12/10/2023,14.0,16.3,16.3,0.9288,10.5,2,4,0,0
12/10/2023,15.0,16.3,16.3,0.9287000000000001,12.3,2,4,0,0
12/10/2023,16.0,16.7,16.7,0.935,9,3,4,0,0
12/10/2023,17.0,17.2,17.2,0.9377,9.8,3,4,0,0
12/10/2023,18.0,15,15,0.9589,5.4,3,4,0,0
12/10/2023,19.0,16.1,16.1,0.9651000000000001,1.3,3,4,0,0
12/10/2023,20.0,11.2,11.2,0.8615999999999999,31.6,3,4,0,0
12/10/2023,21.0,10,10,0.8675,35.6,3,4,0,0
12/10/2023,22.0,8.8,5,0.8344,31.2,3,4,0,0
12/10/2023,23.0,7.2,2.8,0.8583,30.8,3,4,0,0
12/11/2023,0.0,4.2,-0.8,0.8583,27.8,3,4,0,1
12/11/2023,1.0,3.4,-1.2,0.8865000000000001,22.5,3,4,0,1
12/11/2023,2.0,2.8,-0.9,0.8870999999999999,14.8,3,4,0,1
12/11/2023,3.0,2.2,-1.4,0.8984000000000001,13.1,3,4,0,1
12/11/2023,4.0,1.6,-2.9,0.8906999999999999,18.1,4,4,0,1
12/11/2023,5.0,2.1,-2.5,0.8986,19.2,3,4,0,1
12/11/2023,6.0,2.7,-0.4,0.8894,11.3,3,4,0,1
12/11/2023,7.0,2.7,-0.5,0.8634000000000001,12,1,4,0,1
12/11/2023,8.0,3.8,-0.1,0.7990999999999999,16.9,1,4,0,1
12/11/2023,9.0,5.7,3.2,0.728,11.2,1,4,0,1
12/11/2023,10.0,6.7,3.6,0.6772,16.6,1,4,0,1
12/11/2023,11.0,7.7,3.5,0.6063000000000001,31.4,1,4,0,1
12/11/2023,12.0,8.2,4.6,0.5565,24.9,1,4,0,1
12/11/2023,13.0,8.3,4.3,0.4772,30.7,1,4,0,1
12/11/2023,14.0,9.4,6.7,0.46140000000000003,18.4,1,4,0,1
12/11/2023,15.0,8.7,5.3,0.436,24.9,1,4,0,1
12/11/2023,16.0,8.1,4.3,0.42119999999999996,28.5,1,4,0,1
12/11/2023,17.0,6.6,3.3,0.4512,18.1,1,4,0,1
12/11/2023,18.0,5.5,2.1,0.46380000000000005,17.2,1,4,0,1
12/11/2023,19.0,4.9,0.7,0.48340000000000005,22,1,4,0,1
12/11/2023,20.0,2.9,-1.2,0.5342,17.2,1,4,0,1
12/11/2023,21.0,3.1,0.3,0.5304,10.2,1,4,0,1
12/11/2023,22.0,2.5,0.3,0.5782,7.7,1,4,0,1
12/11/2023,23.0,1.7,-0.2,0.6396000000000001,6.3,1,4,0,1
12/12/2023,0.0,1.1,-1.4,0.6962,7.8,1,4,0,1
12/12/2023,1.0,0.7,-2.8,0.6920000000000001,11.2,1,4,0,1
12/12/2023,2.0,1.2,-1.2,0.6675,7.6,1,4,0,1
12/12/2023,3.0,0,-2.1,0.7433,6.3,1,4,0,1
12/12/2023,4.0,0.4,0.4,0.7012999999999999,4.5,1,4,0,1
12/12/2023,5.0,1.1,-1.7,0.6054999999999999,9.2,1,4,0,1
12/12/2023,6.0,1.1,-2.3,0.6041,11.4,1,4,0,1
12/12/2023,7.0,-0.6,-3.9,0.7240000000000001,9.4,1,4,0,1
12/12/2023,8.0,-0.5,-0.5,0.7472,4.5,1,4,0,1
12/12/2023,9.0,2.6,0.7,0.6562,6.7,1,4,0,1
12/12/2023,10.0,4.4,1.7,0.6746,11.2,1,4,0,1
12/12/2023,11.0,5.7,2.6,0.5372,15,1,4,0,1
12/12/2023,12.0,6.7,3.7,0.5265,15.9,1,4,0,1
12/12/2023,13.0,7.8,5.3,0.4464,14.5,1,4,0,1
12/12/2023,14.0,8.3,5.4,0.4465,19.2,1,4,0,1
12/12/2023,15.0,8.3,5.6,0.4462,17.5,1,4,0,1
12/12/2023,16.0,8.2,5.4,0.40590000000000004,17.5,1,4,0,1
12/12/2023,17.0,6.2,3.7,0.4987,11.7,1,4,0,1
12/12/2023,18.0,5.5,2.7,0.6,13.2,1,4,0,1
12/12/2023,19.0,4.7,2,0.578,11.6,1,4,0,1
12/12/2023,20.0,4.6,1.8,0.5814,11.9,1,4,0,1
12/12/2023,21.0,4,1.3,0.6355,10.5,1,4,0,1
12/12/2023,22.0,3.4,1,0.6344,8.9,1,4,0,1
12/12/2023,23.0,3.3,1,0.685,8.6,1,4,0,1
12/13/2023,0.0,3.2,0.3,0.6728000000000001,11,1,4,0,1
12/13/2023,1.0,2.8,0.9,0.6604000000000001,7.1,1,4,0,1
12/13/2023,2.0,1.7,-1.2,0.7451000000000001,9.9,1,4,0,1
12/13/2023,3.0,1.8,-1.3,0.7611,10.4,1,4,0,1
12/13/2023,4.0,1.4,-1.3,0.7295,8.6,1,4,0,1
12/13/2023,5.0,1,-0.4,0.7691,5.1,1,4,0,1
12/13/2023,6.0,0.6,0.6,0.7948000000000001,4.5,1,4,0,1
12/13/2023,7.0,1,-1.4,0.8528,7.8,1,4,0,1
12/13/2023,8.0,1.6,-1.3,0.8613,9.7,1,4,0,1
12/13/2023,9.0,5,3.3,0.7378,7.2,1,4,0,1
12/13/2023,10.0,9.1,6.1,0.4175,21.8,1,4,0,1
12/13/2023,11.0,11,11,0.3274,17.9,1,4,0,1
12/13/2023,12.0,11,11,0.2761,20.5,1,4,0,1
12/13/2023,13.0,10.1,10.1,0.2475,18.6,1,4,0,1
12/13/2023,14.0,10,10,0.2551,19.7,1,4,0,1
12/13/2023,15.0,9.4,6.8,0.2842,18.1,1,4,0,1
12/13/2023,16.0,9.3,7.1,0.2977,14.8,1,4,0,1
12/13/2023,17.0,7.2,6,0.33030000000000004,6.9,1,4,0,1
12/13/2023,18.0,7.2,7.2,0.33159999999999995,4.5,1,4,0,1
12/13/2023,19.0,6,3.9,0.3577,9.9,1,4,0,1
12/13/2023,20.0,4.3,1.7,0.4682,10.4,1,4,0,1
12/13/2023,21.0,5.2,1.8,0.3411,17,1,4,0,1
12/13/2023,22.0,3,-0.7,0.4661,14.9,1,4,0,1
12/13/2023,23.0,3.8,0.3,0.3978,15.2,1,4,0,1
12/14/2023,0.0,2.9,0.4,0.4366,8.7,1,4,0,1
12/14/2023,1.0,2.6,0.7,0.4299,6.7,1,4,0,1
12/14/2023,2.0,1.6,1.6,0.5334,0.7,1,4,0,1
12/14/2023,3.0,0.5,0.5,0.5982,0,1,4,0,1
12/14/2023,4.0,0.6,-1.7,0.5931000000000001,6.9,1,4,0,1
12/14/2023,5.0,-1,-2.7,0.6956,5.1,1,4,0,1
12/14/2023,6.0,-0.7,-2.7,0.6797,5.6,1,4,0,1
12/14/2023,7.0,-0.1,-0.1,0.6248,0.7,1,4,0,1
12/14/2023,8.0,-1.6,-5.2,0.7223,10.1,1,4,0,1
12/14/2023,9.0,2.5,0.2,0.5826,7.8,1,4,0,1
12/14/2023,10.0,4.9,4.9,0.4557,0,1,4,0,1
12/14/2023,11.0,7,5.4,0.2873,8.2,1,4,0,1
12/14/2023,12.0,7.2,5.8,0.281,7.5,1,4,0,1
12/14/2023,13.0,7.2,7.2,0.3172,1.4,1,4,0,1
12/14/2023,14.0,7.9,6.8,0.295,7.2,1,4,0,1
12/14/2023,15.0,8.4,8.4,0.27690000000000003,1.4,1,4,0,1
12/14/2023,16.0,9.2,8.2,0.2444,7.2,1,4,0,1
12/14/2023,17.0,7.6,7,0.2766,5.1,1,4,0,1
12/14/2023,18.0,5.7,3.2,0.3997,11.6,1,4,0,1
12/14/2023,19.0,4.3,2.2,0.41950000000000004,8.4,1,4,0,1
12/14/2023,20.0,3.2,0.9,0.5034000000000001,8.4,1,4,0,1
12/14/2023,21.0,3.3,0.6,0.5297,10.2,1,4,0,1
12/14/2023,22.0,2.8,0.4,0.5754,8.4,1,4,0,1
12/14/2023,23.0,2.3,-0.2,0.5766,8.4,1,4,0,1
12/15/2023,0.0,2.7,0.3,0.5587,8.6,1,4,0,1
12/15/2023,1.0,1.7,-1.3,0.6274000000000001,10.2,1,4,0,1
12/15/2023,2.0,1.2,1.2,0.6715000000000001,4.5,1,4,0,1
12/15/2023,3.0,0.5,-2.3,0.6536,8.6,1,4,0,1
12/15/2023,4.0,0.9,0.9,0.6189,0.8,1,4,0,1
12/15/2023,5.0,1.3,-0.3,0.623,5.4,1,4,0,1
12/15/2023,6.0,0.6,-1.4,0.6805,6.3,1,4,0,1
12/15/2023,7.0,1.1,-0.9,0.634,6.3,1,4,0,1
12/15/2023,8.0,1.2,-0.8,0.6811,6.3,1,4,0,1
12/15/2023,9.0,3.7,1.4,0.6849,8.6,1,4,0,1
12/15/2023,10.0,6.5,4.7,0.5722999999999999,9,1,4,0,1
12/15/2023,11.0,9.7,8.1,0.4793,10.8,1,4,0,1
12/15/2023,12.0,14.8,14.8,0.2797,18.2,1,4,0,1
12/15/2023,13.0,14.9,14.9,0.2884,18.5,1,4,0,1
12/15/2023,14.0,16,16,0.2814,11.9,1,4,0,1
12/15/2023,15.0,16.1,16.1,0.2816,13.3,1,4,0,1
12/15/2023,16.0,15.5,15.5,0.293,10.3,1,4,0,1
12/15/2023,17.0,13.6,13.6,0.3094,12.4,1,4,0,1
12/15/2023,18.0,12.8,12.8,0.3258,7.1,1,4,0,1
12/15/2023,19.0,8.8,7.8,0.4858,6.9,1,4,0,1
12/15/2023,20.0,7.9,7.9,0.5336,0.7,1,4,0,1
12/15/2023,21.0,6.6,5.4,0.5686,6.9,1,4,0,1
12/15/2023,22.0,5.6,3.5,0.746,9.3,1,4,0,1
12/15/2023,23.0,5.9,4.5,0.6592,7.2,1,4,0,1
12/16/2023,0.0,4.1,4.1,0.7448,0,1,4,0,0
12/16/2023,1.0,4.4,4.4,0.797,0,1,4,0,0
12/16/2023,2.0,3.9,3.9,0.8576,1,1,4,0,0
12/16/2023,3.0,3.3,3.3,0.8398,0.7,1,4,0,0
12/16/2023,4.0,2.9,2.9,0.8637999999999999,0,1,4,0,0
12/16/2023,5.0,2.7,2.7,0.8719,0.5,1,4,0,0
12/16/2023,6.0,2.3,1,0.8112999999999999,5.1,1,4,0,0
12/16/2023,7.0,2.9,2.9,0.7806000000000001,0.5,1,4,0,0
12/16/2023,8.0,2.9,2.9,0.7495999999999999,0,1,4,0,0
12/16/2023,9.0,4.8,4.8,0.7905,4.5,1,4,0,0
12/16/2023,10.0,7.6,6.8,0.6274000000000001,5.8,1,4,0,0
12/16/2023,11.0,11.9,11.9,0.4496,6.7,1,4,0,0
12/16/2023,12.0,13.4,13.4,0.39280000000000004,11,1,4,0,0
12/16/2023,13.0,14.4,14.4,0.3671,9.7,1,4,0,0
12/16/2023,14.0,14.9,14.9,0.3385,1.3,1,4,0,0
12/16/2023,15.0,14.4,14.4,0.3663,1.1,1,4,0,0
12/16/2023,16.0,12.3,12.3,0.4205,10.2,1,4,0,0
12/16/2023,17.0,11,11,0.4839,8.4,1,4,0,0
12/16/2023,18.0,9,7.4,0.5694,9.9,1,4,0,0
12/16/2023,19.0,8.9,7.5,0.5748,9.3,1,4,0,0
12/16/2023,20.0,8.8,7.4,0.5605,8.7,1,4,0,0
12/16/2023,21.0,7.8,5.5,0.6206,13.1,1,4,0,0
12/16/2023,22.0,6.7,6.7,0.6915,1,1,4,0,0
12/16/2023,23.0,6.7,5,0.7173999999999999,8.6,1,4,0,0
12/17/2023,0.0,5.8,3.6,0.8227,10.1,1,4,0,0
12/17/2023,1.0,5.3,3.1,0.8540000000000001,9.7,1,4,0,0
12/17/2023,2.0,5.5,2.9,0.8851,11.6,2,4,0,0
12/17/2023,3.0,6.6,4.9,0.8954000000000001,8.4,2,4,0,0
12/17/2023,4.0,6.7,4.6,0.8952,10.4,2,4,0,0
12/17/2023,5.0,6.7,4.6,0.9329000000000001,10.5,2,4,0,0
12/17/2023,6.0,7.2,5.3,0.9076000000000001,10.1,2,4,0,0
12/17/2023,7.0,7.2,5.3,0.9334,10.2,2,4,0,0
12/17/2023,8.0,7.8,6.3,0.9281,8.6,2,4,0,0
12/17/2023,9.0,8.3,6.8,0.9287000000000001,9,2,4,0,0
12/17/2023,10.0,8.5,6.8,0.9619,10.2,2,4,0,0
12/17/2023,11.0,8.9,7.5,0.9634,9,2,4,0,0
12/17/2023,12.0,10.1,10.1,0.9227,9,2,4,0,0
12/17/2023,13.0,11.6,11.6,0.8582,8.6,2,4,0,0
12/17/2023,14.0,12.2,12.2,0.8659,7.4,1,4,0,0
12/17/2023,15.0,12.8,12.8,0.8703,7.1,2,4,0,0
12/17/2023,16.0,12.2,12.2,0.9333,7.2,3,4,0,0
12/17/2023,17.0,11.8,11.8,0.9368000000000001,7.4,3,4,0,0
12/17/2023,18.0,11.9,11.9,0.9611,10.5,3,4,0,0
12/17/2023,19.0,12.3,12.3,0.9357,17.5,3,4,0,0
12/17/2023,20.0,12.4,12.4,0.9351999999999999,15,3,4,0,0
12/17/2023,21.0,12.9,12.9,0.9545,26.8,3,4,0,0
12/17/2023,22.0,12.9,12.9,0.9562,25.1,3,4,0,0
12/17/2023,23.0,12.9,12.9,0.9553,14.9,3,4,0,0
12/18/2023,0.0,12.9,12.9,0.9562,14.2,3,4,0,1
12/18/2023,1.0,13.3,13.3,0.9639,14.8,3,4,0,1
12/18/2023,2.0,12.9,12.9,0.9257,24.8,3,4,0,1
12/18/2023,3.0,12.3,12.3,0.9284,28.9,3,4,0,1
12/18/2023,4.0,12.2,12.2,0.9016,40.3,3,4,0,1
12/18/2023,5.0,12.2,12.2,0.831,30.9,3,4,0,1
12/18/2023,6.0,11.2,11.2,0.8562000000000001,29,2,4,0,1
12/18/2023,7.0,11.6,11.6,0.7442,26.6,2,4,0,1
12/18/2023,8.0,11.6,11.6,0.6886,40.2,3,4,0,1
12/18/2023,9.0,11.6,11.6,0.5888,32,3,4,0,1
12/18/2023,10.0,11.7,11.7,0.5416,41.5,1,4,0,1
12/18/2023,11.0,11.7,11.7,0.4854,42.4,1,4,0,1
12/18/2023,12.0,11.3,11.3,0.47979999999999995,22.7,1,4,0,1
12/18/2023,13.0,11.7,11.7,0.4629,36,1,4,0,1
12/18/2023,14.0,12.2,12.2,0.4089,32.8,1,4,0,1
12/18/2023,15.0,12.2,12.2,0.39159999999999995,31.3,1,4,0,1
12/18/2023,16.0,11.1,11.1,0.41090000000000004,30.2,2,4,0,1
12/18/2023,17.0,8.3,4.6,0.4742,27.3,1,4,0,1
12/18/2023,18.0,7.8,5.4,0.45270000000000005,13.4,2,4,0,1
12/18/2023,19.0,8.2,5.3,0.42100000000000004,18.8,2,4,0,1
12/18/2023,20.0,6.9,2.8,0.45399999999999996,26.4,2,4,0,1
12/18/2023,21.0,7.1,3.4,0.4156,23.3,2,4,0,1
12/18/2023,22.0,5.6,2,0.4368,19,1,4,0,1
12/18/2023,23.0,4.9,1.1,0.4581,19.3,1,4,0,1
12/19/2023,0.0,4.4,1.9,0.49770000000000003,10.2,1,4,0,1
12/19/2023,1.0,3.4,0.5,0.5099,11.5,1,4,0,1
12/19/2023,2.0,3.3,0.4,0.5138,11,1,4,0,1
12/19/2023,3.0,3.8,0.6,0.4999,13.3,1,4,0,1
12/19/2023,4.0,3.4,0.4,0.5173,11.2,1,4,0,1
12/19/2023,5.0,2.8,-1,0.5318999999999999,15.4,1,4,0,1
12/19/2023,6.0,3.2,-2,0.49670000000000003,28,1,4,0,1
12/19/2023,7.0,2.8,-2,0.5125,22.3,1,4,0,1
12/19/2023,8.0,3.2,-0.5,0.5136999999999999,15.7,1,4,0,1
12/19/2023,9.0,3.8,-0.7,0.4941,22.9,1,4,0,1
12/19/2023,10.0,5.5,1.1,0.4243,26.2,1,4,0,1
12/19/2023,11.0,5.6,0.6,0.4219,34.2,1,4,0,1
12/19/2023,12.0,5.6,0.7,0.4387,31.9,2,4,0,1
12/19/2023,13.0,5,-0.2,0.4414,32.5,2,4,0,1
12/19/2023,14.0,5.5,1.1,0.41979999999999995,26.2,2,4,0,1
12/19/2023,15.0,5.6,0.9,0.4078,29,1,4,0,1
12/19/2023,16.0,4.9,0.5,0.4048,23.7,1,4,0,1
12/19/2023,17.0,4.2,-0.5,0.42590000000000006,25.8,1,4,0,1
12/19/2023,18.0,3.3,-1.2,0.45740000000000003,21,1,4,0,1
12/19/2023,19.0,2.8,-1.5,0.4893,18.4,1,4,0,1
12/19/2023,20.0,2.1,-2,0.495,16.4,1,4,0,1
12/19/2023,21.0,1.6,-3.1,0.4971,18.9,1,4,0,1
12/19/2023,22.0,1,-2.6,0.5178,12.3,1,4,0,1
12/19/2023,23.0,0.3,-2.9,0.5463,9.9,1,4,0,1
12/20/2023,0.0,-0.4,-3.7,0.5726,9.9,1,4,0,1
12/20/2023,1.0,-1.3,-4.8,0.6389,9.7,1,4,0,1
12/20/2023,2.0,-0.5,-4.6,0.578,12.9,1,4,0,1
12/20/2023,3.0,-1.5,-4.6,0.645,8.4,1,4,0,1
12/20/2023,4.0,-1.4,-4.6,0.6239,8.6,1,4,0,1
12/20/2023,5.0,-1.4,-5.3,0.649,11.2,1,4,0,1
12/20/2023,6.0,-1.5,-5,0.6258,9.7,1,4,0,1
12/20/2023,7.0,-2,-5.3,0.6442,9,1,4,0,1
12/20/2023,8.0,-0.4,-3.5,0.6053999999999999,8.7,1,4,0,1
12/20/2023,9.0,1.4,-2.4,0.5367000000000001,13.7,1,4,0,1
12/20/2023,10.0,3.2,-0.5,0.4575,15.4,1,4,0,1
12/20/2023,11.0,4.9,1.5,0.408,16.1,1,4,0,1
12/20/2023,12.0,6,3.6,0.37520000000000003,11.6,1,4,0,1
12/20/2023,13.0,7.6,5.2,0.3353,13.8,1,4,0,1
12/20/2023,14.0,8.7,6.3,0.297,14.8,1,4,0,1
12/20/2023,15.0,8.8,6.7,0.2927,12.8,1,4,0,1
12/20/2023,16.0,8.3,6,0.2943,14.1,1,4,0,1
12/20/2023,17.0,6.3,4.1,0.35200000000000004,10.5,1,4,0,1
12/20/2023,18.0,4.8,2.5,0.41240000000000004,9.9,1,4,0,1
12/20/2023,19.0,5.8,5,0.36939999999999995,5.1,1,4,0,1
12/20/2023,20.0,4.3,3.3,0.5004,5.1,1,4,0,1
12/20/2023,21.0,3.3,3.3,0.6409,0,1,4,0,1
12/20/2023,22.0,2.7,1.6,0.6297999999999999,4.9,1,4,0,1
12/20/2023,23.0,2.6,2.6,0.6118,0.5,1,4,0,1
12/21/2023,0.0,2.1,2.1,0.7021999999999999,0.5,1,4,0,1
12/21/2023,1.0,1.6,1.6,0.6825,0,1,4,0,1
12/21/2023,2.0,1.2,1.2,0.7263,0,1,4,0,1
12/21/2023,3.0,1.1,1.1,0.7551000000000001,1,2,4,0,1
12/21/2023,4.0,0.9,0.9,0.7345,0,1,4,0,1
12/21/2023,5.0,0.8,0.8,0.6976,0.7,1,4,0,1
12/21/2023,6.0,0.9,0.9,0.6801999999999999,0.5,1,4,0,1
12/21/2023,7.0,0.6,0.6,0.7519,0.7,1,4,0,1
12/21/2023,8.0,-0.2,-1.9,0.6904,5.1,1,4,0,1
12/21/2023,9.0,3,0.9,0.6925,7.9,1,4,0,1
12/21/2023,10.0,6.6,3.5,0.4654,16.7,1,4,0,1
12/21/2023,11.0,7.8,5.4,0.4375,14.2,1,4,0,1
12/21/2023,12.0,8.4,7.1,0.396,7.9,2,4,0,1
12/21/2023,13.0,8.7,6.7,0.3685,12.4,2,4,0,1
12/21/2023,14.0,8.3,6.8,0.3934,9.2,2,4,0,1
12/21/2023,15.0,8.3,6.4,0.3762,11.3,2,4,0,1
12/21/2023,16.0,7.8,5.6,0.41159999999999997,12.4,2,4,0,1
12/21/2023,17.0,7.1,4.9,0.43,11.6,2,4,0,1
12/21/2023,18.0,6.5,4.5,0.43079999999999996,10.2,2,4,0,1
12/21/2023,19.0,6,3.2,0.4717,13.4,2,4,0,1
12/21/2023,20.0,5.9,3.4,0.4918,11.9,2,4,0,1
12/21/2023,21.0,4.9,3.1,0.5473,7.8,2,4,0,1
12/21/2023,22.0,5.4,2.7,0.5505,11.9,1,4,0,1
12/21/2023,23.0,4.1,1.7,0.6048,9.7,2,4,0,1
12/22/2023,0.0,4.2,2.7,0.6575,6.3,2,1,0,1
12/22/2023,1.0,4.2,2.8,0.6743000000000001,6.3,2,1,0,1
12/22/2023,2.0,4.2,4.2,0.6811,0,2,1,0,1
12/22/2023,3.0,4.1,4.1,0.6878,0.5,1,1,0,1
12/22/2023,4.0,3.5,3.5,0.708,0.5,1,1,0,1
12/22/2023,5.0,3.3,3.3,0.6916,0,1,1,0,1
12/22/2023,6.0,2.8,2.8,0.7402,0,1,1,0,1
12/22/2023,7.0,2.5,2.5,0.8123,0.8,1,1,0,1
12/22/2023,8.0,1.9,-0.2,0.7918999999999999,7.1,1,1,0,1
12/22/2023,9.0,3.5,1.2,0.7128,8.7,1,1,0,1
12/22/2023,10.0,5.5,4.5,0.6232,5.4,1,1,0,1
12/22/2023,11.0,6.6,6.6,0.5784,0.5,1,1,0,1
12/22/2023,12.0,7.3,6.2,0.5711999999999999,6.3,1,1,0,1
12/22/2023,13.0,7.9,6.5,0.5625,8.2,1,1,0,1
12/22/2023,14.0,8.9,7.6,0.5261,8.6,1,1,0,1
12/22/2023,15.0,9.5,8.6,0.4568,7.2,1,1,0,1
12/22/2023,16.0,8.8,8.8,0.49520000000000003,1,2,1,0,1
12/22/2023,17.0,8.6,8.6,0.4888,1,2,1,0,1
12/22/2023,18.0,7.1,4.9,0.606,11.4,2,1,0,1
12/22/2023,19.0,6.5,6.5,0.6283,4.5,2,1,0,1
12/22/2023,20.0,6,4.6,0.6808,6.9,2,1,0,1
12/22/2023,21.0,5.6,2.8,0.7241,12.9,2,1,0,1
12/22/2023,22.0,5.5,3.6,0.7075,8.4,2,1,0,1
12/22/2023,23.0,5.5,4.1,0.6759000000000001,6.7,2,1,0,1
12/23/2023,0.0,4.8,3.9,0.7414000000000001,5.1,1,1,0,0
12/23/2023,1.0,4,4,0.7796,0,1,1,0,0
12/23/2023,2.0,4,4,0.8079000000000001,4.5,1,1,0,0
12/23/2023,3.0,3.3,1.7,0.8376,6.3,1,1,0,0
12/23/2023,4.0,2.9,1.7,0.8387,4.9,1,1,0,0
12/23/2023,5.0,2.4,0.6,0.8639,6.3,1,1,0,0
12/23/2023,6.0,2.4,2.4,0.8902,4.5,2,1,0,0
12/23/2023,7.0,2.4,0.6,0.8894,6.3,2,1,0,0
12/23/2023,8.0,3.4,1.3,0.8675,7.8,2,1,0,0
12/23/2023,9.0,4.1,4.1,0.8674,0.7,2,1,0,0
12/23/2023,10.0,6.1,4.2,0.8261,8.9,2,1,0,0
12/23/2023,11.0,7.3,5.3,0.7857999999999999,10.8,2,1,0,0
12/23/2023,12.0,8.8,7.2,0.7309,10.1,1,1,0,0
12/23/2023,13.0,8.9,7,0.7051000000000001,11.6,1,1,0,0
12/23/2023,14.0,9.3,8.1,0.6829000000000001,8.6,2,1,0,0
12/23/2023,15.0,9.4,8.4,0.6822,7.4,1,1,0,0
12/23/2023,16.0,8.9,7.4,0.7029000000000001,9.2,2,1,0,0
12/23/2023,17.0,9.2,8.4,0.6667000000000001,6.7,2,1,0,0
12/23/2023,18.0,8.2,8.2,0.7136,4.5,1,1,0,0
12/23/2023,19.0,8.1,7.1,0.7005,6.7,1,1,0,0
12/23/2023,20.0,6.9,5.7,0.7733,6.7,1,1,0,0
12/23/2023,21.0,7.4,7.4,0.7462000000000001,0.5,1,1,0,0
12/23/2023,22.0,6.8,6.8,0.7511,0.5,2,1,0,0
12/23/2023,23.0,6.4,6.4,0.7706999999999999,0,2,1,0,0
12/24/2023,0.0,6.4,5.6,0.7442,5.1,2,1,0,0
12/24/2023,1.0,5.9,5.1,0.8026000000000001,5.1,2,1,0,0
12/24/2023,2.0,5.4,5.4,0.8005,4.5,1,1,0,0
12/24/2023,3.0,5.3,3.5,0.8358,7.8,2,1,0,0
12/24/2023,4.0,5.3,3.2,0.8369,9.3,1,1,0,0
12/24/2023,5.0,5.3,3.1,0.8629000000000001,9.7,2,1,0,0
12/24/2023,6.0,5.9,5.9,0.8614,4.5,2,1,0,0
12/24/2023,7.0,6,5.1,0.8839,5.1,2,1,0,0
12/24/2023,8.0,6.4,6.4,0.8908,0.5,2,1,0,0
12/24/2023,9.0,6.7,6.7,0.9261,0.7,3,1,0,0
12/24/2023,10.0,7.2,7.2,0.8626999999999999,0.5,3,1,0,0
12/24/2023,11.0,7.8,7.3,0.8592,4.9,3,1,0,0
12/24/2023,12.0,8.9,8.9,0.8048000000000001,4.5,1,1,0,0
12/24/2023,13.0,10,10,0.7489,4.5,1,1,0,0
12/24/2023,14.0,10,10,0.7166,4.9,2,1,0,0
12/24/2023,15.0,10.1,10.1,0.7406,0,2,1,0,0
12/24/2023,16.0,10.1,10.1,0.7406999999999999,0.8,2,1,0,0
12/24/2023,17.0,9.2,9.2,0.755,0.5,1,1,0,0
12/24/2023,18.0,7.7,7.7,0.8301999999999999,0.7,1,1,0,0
12/24/2023,19.0,7.9,7.9,0.8431000000000001,0,1,1,0,0
12/24/2023,20.0,6.5,5.4,0.8970999999999999,6.3,1,1,0,0
12/24/2023,21.0,6.9,6.2,0.8686,5.1,2,1,0,0
12/24/2023,22.0,6.9,5.3,0.8671,8.4,2,1,0,0
12/24/2023,23.0,7.7,7.7,0.8323999999999999,0.5,2,1,0,0
12/25/2023,0.0,7,5.9,0.8676999999999999,6.7,2,1,1,0
12/25/2023,1.0,7,5.7,0.8679000000000001,7.2,2,1,1,0
12/25/2023,2.0,7,5.3,0.8671,8.7,2,1,1,0
12/25/2023,3.0,7,5.7,0.8676,7.1,2,1,1,0
12/25/2023,4.0,6.5,4.9,0.8606,8.4,2,1,1,0
12/25/2023,5.0,6.1,4.2,0.8586,8.6,1,1,1,0
12/25/2023,6.0,5.5,4.6,0.8886,5.2,1,1,1,0
12/25/2023,7.0,4.6,3,0.9277,6.9,1,1,1,0
12/25/2023,8.0,4.6,3.2,0.9288,6.3,1,1,1,0
12/25/2023,9.0,6.6,4.9,0.8631,8.6,2,1,1,0
12/25/2023,10.0,8.2,6.9,0.8427,7.8,2,1,1,0
12/25/2023,11.0,9.8,9.1,0.7537,6.7,1,1,1,0
12/25/2023,12.0,12.2,12.2,0.6653,7.5,1,1,1,0
12/25/2023,13.0,13.7,13.7,0.575,0.5,1,1,1,0
12/25/2023,14.0,13.9,13.9,0.5808,0.5,1,1,1,0
12/25/2023,15.0,15.9,15.9,0.4758,1,1,1,1,0
12/25/2023,16.0,13.3,13.3,0.5379,1.3,1,1,1,0
12/25/2023,17.0,11.5,11.5,0.5600999999999999,9.9,1,1,1,0
12/25/2023,18.0,10.3,10.3,0.6235,8.6,1,1,1,0
12/25/2023,19.0,10.4,10.4,0.6177,1,1,1,1,0
12/25/2023,20.0,9.3,8.9,0.6820999999999999,5.3,1,1,1,0
12/25/2023,21.0,8,6.5,0.7508,8.6,1,1,1,0
12/25/2023,22.0,7.5,5.9,0.7998000000000001,8.6,1,1,1,0
12/25/2023,23.0,7.5,7,0.7993000000000001,4.9,2,1,1,0
12/26/2023,0.0,7.5,6.6,0.833,6.3,2,1,0,1
12/26/2023,1.0,7,5.1,0.8986,10.1,2,1,0,1
12/26/2023,2.0,7.1,5.1,0.9148999999999999,10.3,2,1,0,1
12/26/2023,3.0,7.1,4.9,0.9043000000000001,11.2,3,1,0,1
12/26/2023,4.0,7.2,6.5,0.9326000000000001,5.2,2,1,0,1
12/26/2023,5.0,7.2,4.8,0.9318000000000001,13.1,3,1,0,1
12/26/2023,6.0,7.2,5.7,0.9312999999999999,8,3,1,0,1
12/26/2023,7.0,7.2,5.9,0.9623999999999999,7.2,3,1,0,1
12/26/2023,8.0,7.2,6.1,0.9335,6.7,3,1,0,1
12/26/2023,9.0,7.8,6.6,0.9556,7.4,3,1,0,1
12/26/2023,10.0,7.9,5.7,0.9556,11.9,3,1,0,1
12/26/2023,11.0,8.4,6.9,0.9247,9.2,3,1,0,1
12/26/2023,12.0,8.8,7.8,0.9334,7.5,2,1,0,1
12/26/2023,13.0,9.3,8.8,0.9064,5.6,2,1,0,1
12/26/2023,14.0,9.4,8.4,0.9057,7.4,2,1,0,1
12/26/2023,15.0,9.4,8.6,0.9053,6.9,3,1,0,1
12/26/2023,16.0,9.4,7.9,0.9064,10.1,2,1,0,1
12/26/2023,17.0,9.4,7.8,0.9068,10.3,2,1,0,1
12/26/2023,18.0,8.9,8.1,0.9345,6.7,2,1,0,1
12/26/2023,19.0,8.9,8,0.9337000000000001,7.1,2,1,0,1
12/26/2023,20.0,8.4,6.9,0.9288,8.9,2,1,0,1
12/26/2023,21.0,8.4,6.5,0.9270999999999999,11.9,3,1,0,1
12/26/2023,22.0,8.4,6.2,0.9247,13.2,3,1,0,1
12/26/2023,23.0,8.4,7.3,0.9423999999999999,7.2,3,1,0,1
12/27/2023,0.0,8.4,6.7,0.927,9.9,3,1,0,1
12/27/2023,1.0,8.4,6.7,0.9274,10.1,3,1,0,1
12/27/2023,2.0,8.3,7.8,0.9268000000000001,5.4,3,1,0,1
12/27/2023,3.0,8.3,6.1,0.9268000000000001,13.6,3,1,0,1
12/27/2023,4.0,8.4,6.6,0.9279000000000001,10.4,3,1,0,1
12/27/2023,5.0,8.4,6.4,0.9636,11.4,3,1,0,1
12/27/2023,6.0,8.4,5.9,0.9281999999999999,15.3,3,1,0,1
12/27/2023,7.0,8.4,5.8,0.9274,15.5,2,1,0,1
12/27/2023,8.0,8.4,6.1,0.9266,14.3,3,1,0,1
12/27/2023,9.0,8.5,6.7,0.9621999999999999,10.5,3,1,0,1
12/27/2023,10.0,8.9,6.8,0.9364,13.4,3,1,0,1
12/27/2023,11.0,9.4,7.6,0.9366,11.7,2,1,0,1
12/27/2023,12.0,10.1,10.1,0.9551999999999999,9.9,3,1,0,1
12/27/2023,13.0,10.8,10.8,0.9523999999999999,15.9,3,1,0,1
12/27/2023,14.0,11.8,11.8,0.9333,12.3,3,1,0,1
12/27/2023,15.0,12.3,12.3,0.9329999999999999,9.5,3,1,0,1
12/27/2023,16.0,12.9,12.9,0.9425,6.9,3,1,0,1
12/27/2023,17.0,13.4,13.4,0.9287000000000001,9.2,3,1,0,1
12/27/2023,18.0,12.6,12.6,0.9483,14,3,1,0,1
12/27/2023,19.0,12.4,12.4,0.9634,13.5,3,1,0,1
12/27/2023,20.0,12,12,0.9611,13.8,3,1,0,1
12/27/2023,21.0,11.9,11.9,0.9621999999999999,10.9,3,1,0,1
12/27/2023,22.0,12.2,12.2,0.9348000000000001,9.1,3,1,0,1
12/27/2023,23.0,12.2,12.2,0.9670000000000001,7.4,2,1,0,1
12/28/2023,0.0,12.2,12.2,0.9386,10.4,3,1,0,1
12/28/2023,1.0,11.7,11.7,0.9636,11.1,3,1,0,1
12/28/2023,2.0,11.2,11.2,0.9659,9.5,3,1,0,1
12/28/2023,3.0,11.7,11.7,0.9628,11.7,2,1,0,1
12/28/2023,4.0,11.2,11.2,0.9298000000000001,13.9,3,1,0,1
12/28/2023,5.0,10.7,10.7,0.9554,11.2,3,1,0,1
12/28/2023,6.0,10.7,10.7,0.9195,12.7,3,1,0,1
12/28/2023,7.0,10.7,10.7,0.9173,13.1,2,1,0,1
12/28/2023,8.0,10.6,10.6,0.8926999999999999,12.3,2,1,0,1
12/28/2023,9.0,11.1,11.1,0.8645999999999999,14.1,2,1,0,1
12/28/2023,10.0,11.1,11.1,0.8862000000000001,11,2,1,0,1
12/28/2023,11.0,11.7,11.7,0.8576999999999999,14.9,2,1,0,1
12/28/2023,12.0,12,12,0.8415,3.1,2,1,0,1
12/28/2023,13.0,13.8,13.8,0.7486,9.5,2,1,0,1
12/28/2023,14.0,12.5,12.5,0.8418000000000001,11.4,2,1,0,1
12/28/2023,15.0,12.6,12.6,0.8417,11.9,2,1,0,1
12/28/2023,16.0,12.6,12.6,0.8370000000000001,8.4,1,1,0,1
12/28/2023,17.0,13.3,13.3,0.799,2.6,1,1,0,1
12/28/2023,18.0,12.5,12.5,0.8390000000000001,7.8,1,1,0,1
12/28/2023,19.0,11,11,0.894,4.9,2,1,0,1
12/28/2023,20.0,11.6,11.6,0.8628,9.3,2,1,0,1
12/28/2023,21.0,12,12,0.8690000000000001,12.5,2,1,0,1
12/28/2023,22.0,12,12,0.8129000000000001,10.4,2,1,0,1
12/28/2023,23.0,12,12,0.6132,10.1,1,1,0,1
12/29/2023,0.0,11.5,11.5,0.6173,13.4,1,1,0,1
12/29/2023,1.0,10.9,10.9,0.601,14.4,1,1,0,1
12/29/2023,2.0,10.5,10.5,0.6126,13.8,2,1,0,1
12/29/2023,3.0,9.9,7.8,0.6375,15.2,2,1,0,1
12/29/2023,4.0,9.8,8,0.621,12.2,2,1,0,1
12/29/2023,5.0,9,7.7,0.6544,8.7,1,1,0,1
12/29/2023,6.0,8.5,7.4,0.6766,7.6,1,1,0,1
12/29/2023,7.0,7.9,6.4,0.6748000000000001,8.9,1,1,0,1
12/29/2023,8.0,7.7,7.7,0.6804000000000001,4.5,1,1,0,1
12/29/2023,9.0,9.6,7.6,0.6329,13.4,1,1,0,1
12/29/2023,10.0,10.5,10.5,0.5581,10.8,1,1,0,1
12/29/2023,11.0,10.6,10.6,0.5362,10.7,1,1,0,1
12/29/2023,12.0,11.2,11.2,0.5157,6.1,1,1,0,1
12/29/2023,13.0,12.1,12.1,0.4932,4.5,2,1,0,1
12/29/2023,14.0,12.2,12.2,0.47600000000000003,0,1,1,0,1
12/29/2023,15.0,11.2,11.2,0.4955,9.1,2,1,0,1
12/29/2023,16.0,11.2,11.2,0.4816,14.1,1,1,0,1
12/29/2023,17.0,11,11,0.4703,6.2,1,1,0,1
12/29/2023,18.0,10.5,10.5,0.48590000000000005,13.1,2,1,0,1
12/29/2023,19.0,10.5,10.5,0.4642,17.9,2,1,0,1
12/29/2023,20.0,8.8,5.4,0.49369999999999997,25.6,2,1,0,1
12/29/2023,21.0,8.3,4.8,0.5079,24.7,2,1,0,1
12/29/2023,22.0,8.3,5.4,0.4775,18.1,2,1,0,1
12/29/2023,23.0,7.9,5.1,0.46950000000000003,16.1,1,1,0,1
12/30/2023,0.0,7.3,4.4,0.4853,16.3,2,1,0,0
12/30/2023,1.0,7.1,4.4,0.48719999999999997,15.4,2,1,0,0
12/30/2023,2.0,6.6,3.9,0.5089,14.1,2,1,0,0
12/30/2023,3.0,6,3.2,0.5521,13.7,1,1,0,0
12/30/2023,4.0,4.2,1.6,0.6072,10.4,1,1,0,0
12/30/2023,5.0,3.6,1.8,0.6584,6.9,1,1,0,0
12/30/2023,6.0,2.6,0.6,0.7039,7.1,1,1,0,0
12/30/2023,7.0,2.9,0.6,0.6887000000000001,8.6,1,1,0,0
12/30/2023,8.0,2.9,0.2,0.6674,9.9,1,1,0,0
12/30/2023,9.0,5.2,2.3,0.617,13.5,1,1,0,0
12/30/2023,10.0,8.1,6.2,0.5163,11.3,1,1,0,0
12/30/2023,11.0,7.8,4.3,0.49219999999999997,23,1,1,0,0
12/30/2023,12.0,8.3,5,0.48950000000000005,22.3,2,1,0,0
12/30/2023,13.0,8.3,5.5,0.4905,17.8,1,1,0,0
12/30/2023,14.0,8.8,6.2,0.4918,16.8,1,1,0,0
12/30/2023,15.0,9.3,7.2,0.4778,14.5,2,1,0,0
12/30/2023,16.0,9.8,7.8,0.46140000000000003,14.5,1,1,0,0
12/30/2023,17.0,8.7,7.1,0.5136999999999999,10.2,1,1,0,0
12/30/2023,18.0,7.6,6.5,0.5572,6.9,1,1,0,0
12/30/2023,19.0,7.3,6.2,0.568,6.9,1,1,0,0
12/30/2023,20.0,7.7,5.1,0.5585,14.7,2,1,0,0
12/30/2023,21.0,7.3,4.5,0.5533,15.7,1,1,0,0
12/30/2023,22.0,7.6,3.8,0.5217,26.5,2,1,0,0
12/30/2023,23.0,7.6,5.1,0.5033,14,1,1,0,0
12/31/2023,0.0,6.7,4.2,0.5108,12.8,1,1,0,0
12/31/2023,1.0,6.9,4.7,0.523,11.5,1,1,0,0
12/31/2023,2.0,6.1,2.3,0.48979999999999996,21.5,1,1,0,0
12/31/2023,3.0,5.9,3.3,0.4949,12.1,1,1,0,0
12/31/2023,4.0,5.7,3.4,0.5027,10.2,2,1,0,0
12/31/2023,5.0,5.7,2.9,0.5033,13.5,1,1,0,0
12/31/2023,6.0,4.1,1.6,0.586,9.9,2,1,0,0
12/31/2023,7.0,5.1,2.5,0.5467,11.6,1,1,0,0
12/31/2023,8.0,5.2,2.9,0.5619,10.1,2,1,0,0
12/31/2023,9.0,5.9,4.5,0.542,6.7,2,1,0,0
12/31/2023,10.0,6.7,4.6,0.5106,10.5,2,1,0,0
12/31/2023,11.0,7.8,6.2,0.5183,9.2,1,1,0,0
12/31/2023,12.0,9.2,7.8,0.45890000000000003,9.5,1,1,0,0
12/31/2023,13.0,9.9,7.8,0.4386,15.3,1,1,0,0
12/31/2023,14.0,8.9,6.5,0.48229999999999995,15.6,1,1,0,0
12/31/2023,15.0,9.3,7,0.4832,15.8,1,1,0,0
12/31/2023,16.0,9.3,7,0.4549,15.5,1,1,0,0
12/31/2023,17.0,7.9,6.2,0.5356000000000001,9.7,1,1,0,0
12/31/2023,18.0,6.9,5,0.6245,9.9,1,1,0,0
12/31/2023,19.0,6.9,4.8,0.5846,10.5,1,1,0,0
12/31/2023,20.0,6.4,4.3,0.6305,10.1,1,1,0,0
12/31/2023,21.0,6.4,4,0.6323,11.9,2,1,0,0
12/31/2023,22.0,6.4,5,0.6597,7.1,2,1,0,0
12/31/2023,23.0,5.8,4,0.6606000000000001,8.4,1,1,0,0
